,activity_id,lap_id,lap_index,lap_time_min,lap_distance,lap_avg_speed_km/h,lap_max_speed_km/h,split,start_index,end_index,lap_total_elevation_gain,avg_cadence,lap_avg_heartrate,lap_max_heartrate_km/h,pace_zone
0,10793103601,37409418720,1,7.06,0.0,0.0,0.0,1,0.0,3.58,0.0,,123.2,138.0,
1,10793103601,37409418723,2,6.38,0.0,0.0,0.0,2,3.59,7.24,0.0,,135.2,164.0,
2,10793103601,37409418724,3,6.01,0.0,0.0,0.0,3,7.25,11.16,0.0,,142.3,179.0,
3,10793103601,37409418725,4,1.28,0.0,0.0,0.0,4,11.17,12.08,0.0,,122.1,153.0,
4,10783927933,37370586045,1,5.49,0.0,0.0,0.0,1,0.0,3.26,0.0,,116.7,140.0,
5,10783927933,37370586048,2,2.13,0.0,0.0,0.0,2,3.27,4.29,0.0,,106.3,124.0,
6,10783927933,37370586050,3,8.02,0.0,0.0,0.0,3,4.3,8.22,0.0,,112.2,128.0,
7,10783927933,37370586052,4,4.33,0.0,0.0,0.0,4,8.23,10.38,0.0,,115.4,122.0,
8,10783927933,37370586054,5,5.23,0.0,0.0,0.0,5,10.39,13.13,0.0,,122.5,144.0,
9,10783927933,37370586057,6,6.28,0.0,0.0,0.0,6,13.14,16.08,0.0,,127.0,149.0,
10,10783927933,37370586058,7,6.06,0.0,0.0,0.0,7,16.09,19.04,0.0,,124.3,140.0,
11,10783927933,37370586059,8,10.21,0.0,0.0,0.0,8,19.05,24.18,0.0,,124.0,155.0,
12,10783927933,37370586060,9,5.15,0.0,0.0,0.0,9,24.19,26.41,0.0,,116.9,143.0,
13,10783927933,37370586062,10,5.25,0.0,0.0,0.0,10,26.42,29.11,0.0,,102.1,115.0,
14,10783927933,37370586063,11,0.29,0.0,0.0,0.0,11,29.12,29.24,0.0,,97.1,99.0,
15,10770299093,37314481519,1,5.11,0.0,0.0,0.0,1,0.0,3.03,0.0,,132.6,153.0,
16,10770299093,37314481527,2,2.46,0.0,0.0,0.0,2,3.04,4.44,0.0,,119.1,141.0,
17,10770299093,37314481529,3,2.13,0.0,0.0,0.0,3,4.45,5.55,0.0,,129.8,147.0,
18,10770299093,37314481532,4,3.47,0.0,0.0,0.0,4,5.56,8.02,0.0,,134.7,156.0,
19,10770299093,37314481534,5,0.38,0.0,0.0,0.0,5,8.03,8.2,0.0,,139.4,147.0,
20,10770299093,37314481535,6,3.54,0.0,0.0,0.0,6,8.21,10.13,0.0,,144.7,161.0,
21,10770299093,37314481539,7,5.48,0.0,0.0,0.0,7,10.14,13.34,0.0,,117.2,152.0,
22,10770299093,37314481542,8,5.57,0.0,0.0,0.0,8,13.35,16.4,0.0,,139.5,159.0,
23,10770299093,37314481543,9,5.26,0.0,0.0,0.0,9,16.41,19.16,0.0,,127.1,150.0,
24,10770299093,37314481545,10,2.44,0.0,0.0,0.0,10,19.17,20.26,0.0,,118.6,126.0,
25,10759959127,37271976952,1,13.12,0.0,0.0,0.0,1,0.0,6.25,0.0,,112.9,149.0,
26,10759959127,37271976957,2,8.54,0.0,0.0,0.0,2,6.26,11.0,0.0,,102.1,145.0,
27,10759959127,37271976961,3,8.07,0.0,0.0,0.0,3,11.01,15.21,0.0,,101.3,141.0,
28,10759959127,37271976964,4,1.08,0.0,0.0,0.0,4,15.22,16.03,0.0,,116.1,136.0,
29,10756748628,37259502383,1,4.44,0.0,0.0,0.0,1,0.0,2.56,0.0,,111.5,141.0,
30,10756748628,37259502384,2,3.41,0.0,0.0,0.0,2,2.57,4.29,0.0,,151.0,167.0,
31,10756748628,37259502385,3,4.1,0.0,0.0,0.0,3,4.3,6.44,0.0,,147.1,168.0,
32,10756748628,37259502387,4,5.47,0.0,0.0,0.0,4,6.45,9.45,0.0,,156.4,178.0,
33,10756748628,37259502388,5,1.51,0.0,0.0,0.0,5,9.46,10.51,0.0,,142.0,158.0,
34,10747031345,37220481769,1,2.52,0.0,0.0,0.0,1,0.0,1.28,0.0,,130.8,156.0,
35,10747031345,37220481770,2,4.58,0.0,0.0,0.0,2,1.29,4.11,0.0,,134.0,156.0,
36,10747031345,37220481771,3,3.04,0.0,0.0,0.0,3,4.12,5.49,0.0,,136.0,163.0,
37,10747031345,37220481772,4,5.35,0.0,0.0,0.0,4,5.5,8.26,0.0,,146.2,163.0,
38,10747031345,37220481773,5,0.21,0.0,0.0,0.0,5,8.27,8.37,0.0,,155.5,160.0,
39,10737692474,37181151699,1,4.35,0.0,0.0,0.0,1,0.0,2.12,0.0,,97.5,114.0,
40,10737692474,37181151701,2,7.22,0.0,0.0,0.0,2,2.13,6.22,0.0,,96.9,107.0,
41,10737692474,37181151704,3,7.15,0.0,0.0,0.0,3,6.23,10.39,0.0,,121.9,148.0,
42,10737692474,37181151705,4,7.24,0.0,0.0,0.0,4,10.4,14.34,0.0,,117.5,156.0,
43,10737692474,37181151706,5,0.13,0.0,0.0,0.0,5,14.35,14.39,0.0,,144.9,146.0,
44,10697198078,37019550349,1,41.15,1.11,1.332,14.2992,1,0.0,0.0,0.0,59.2,99.5,120.0,
45,10680733020,36949314921,1,9.14,0.0,0.0,0.0,1,0.0,4.55,0.0,,101.8,129.0,
46,10680733020,36949314926,2,7.03,0.0,0.0,0.0,2,4.56,8.13,0.0,,136.1,160.0,
47,10680733020,36949314930,3,4.45,0.0,0.0,0.0,3,8.14,10.29,0.0,,143.7,155.0,
48,10680733020,36949314935,4,7.0,0.0,0.0,0.0,4,10.3,13.55,0.0,,145.8,165.0,
49,10680733020,36949314939,5,2.08,0.0,0.0,0.0,5,13.56,14.49,0.0,,136.8,157.0,
50,10677316412,36936486716,1,15.25,0.0,0.0,0.0,1,0.0,7.35,0.0,,123.1,161.0,
51,10677316412,36936486717,2,3.09,0.0,0.0,0.0,2,7.36,9.09,0.0,,119.4,142.0,
52,10677316412,36936486718,3,2.26,0.0,0.0,0.0,3,9.1,10.26,0.0,,137.1,156.0,
53,10677316412,36936486719,4,4.51,0.0,0.0,0.0,4,10.27,12.43,0.0,,124.3,149.0,
54,10677316412,36936486720,5,3.39,0.0,0.0,0.0,5,12.44,14.14,0.0,,126.2,139.0,
55,10677316412,36936486722,6,4.5,0.0,0.0,0.0,6,14.15,16.15,0.0,,116.3,129.0,
56,10677316412,36936486723,7,3.56,0.0,0.0,0.0,7,16.16,18.22,0.0,,120.5,149.0,
57,10677316412,36936486724,8,3.52,0.0,0.0,0.0,8,18.23,20.15,0.0,,123.4,145.0,
58,10677316412,36936486725,9,3.19,0.0,0.0,0.0,9,20.16,22.09,0.0,,135.9,153.0,
59,10677316412,36936486726,10,3.09,0.0,0.0,0.0,10,22.1,23.47,0.0,,139.8,154.0,
60,10677316412,36936486727,11,3.45,0.0,0.0,0.0,11,23.48,25.31,0.0,,119.9,153.0,
61,10677316412,36936486728,12,4.34,0.0,0.0,0.0,12,25.32,27.39,0.0,,101.4,137.0,
62,10671134782,36911711966,1,11.54,0.0,0.0,0.0,1,0.0,4.27,0.0,,123.2,135.0,
63,10671134782,36911711970,2,1.02,0.0,0.0,0.0,2,4.28,4.54,0.0,,135.8,141.0,
64,10671134782,36911711973,3,3.13,0.0,0.0,0.0,3,4.55,6.1,0.0,,128.3,143.0,
65,10671134782,36911711975,4,2.4,0.0,0.0,0.0,4,6.11,7.07,0.0,,119.3,129.0,
66,10671134782,36911711977,5,5.3,0.0,0.0,0.0,5,7.08,9.18,0.0,,136.9,154.0,
67,10671134782,36911711980,6,4.43,0.0,0.0,0.0,6,9.19,11.15,0.0,,140.2,153.0,
68,10671134782,36911711983,7,3.34,0.0,0.0,0.0,7,11.16,12.29,0.0,,150.0,157.0,
69,10671134782,36911711987,8,4.05,0.0,0.0,0.0,8,12.3,13.57,0.0,,140.1,150.0,
70,10671134782,36911711990,9,5.57,0.0,0.0,0.0,9,13.58,16.25,0.0,,149.6,182.0,
71,10671134782,36911711992,10,5.12,0.0,0.0,0.0,10,16.26,18.13,0.0,,166.8,177.0,
72,10671134782,36911711996,11,5.0,0.0,0.0,0.0,11,18.14,20.15,0.0,,158.5,175.0,
73,10671134782,36911711998,12,6.51,0.0,0.0,0.0,12,20.16,23.01,0.0,,158.7,185.0,
74,10671134782,36911711999,13,0.13,0.0,0.0,0.0,13,23.02,23.08,0.0,,131.5,133.0,
75,10660107760,36867155950,1,7.58,0.0,0.0,0.0,1,0.0,4.02,0.0,,109.1,133.0,
76,10660107760,36867155954,2,3.5,0.0,0.0,0.0,2,4.03,5.43,0.0,,120.7,133.0,
77,10660107760,36867155957,3,5.0,0.0,0.0,0.0,3,5.44,8.07,0.0,,124.1,144.0,
78,10660107760,36867155961,4,2.59,0.0,0.0,0.0,4,8.08,9.28,0.0,,133.8,165.0,
79,10660107760,36867155964,5,3.42,0.0,0.0,0.0,5,9.29,11.08,0.0,,150.9,161.0,
80,10660107760,36867155967,6,3.55,0.0,0.0,0.0,6,11.09,13.18,0.0,,137.0,159.0,
81,10660107760,36867155973,7,4.29,0.0,0.0,0.0,7,13.19,16.0,0.0,,132.8,159.0,
82,10660107760,36867155980,8,5.1,0.0,0.0,0.0,8,16.01,18.5,0.0,,120.2,142.0,
83,10660107760,36867155984,9,5.06,0.0,0.0,0.0,9,18.51,21.3,0.0,,132.4,148.0,
84,10660107760,36867155988,10,4.22,0.0,0.0,0.0,10,21.31,23.24,0.0,,130.0,154.0,
85,10660107760,36867155995,11,9.12,0.0,0.0,0.0,11,23.25,28.01,0.0,,136.3,152.0,
86,10653616594,36842817588,1,18.02,0.0,0.0,0.0,1,0.0,8.53,0.0,,126.7,149.0,
87,10653616594,36842817589,2,3.25,0.0,0.0,0.0,2,8.54,10.33,0.0,,128.4,145.0,
88,10653616594,36842817591,3,3.26,0.0,0.0,0.0,3,10.34,12.11,0.0,,129.8,145.0,
89,10653616594,36842817592,4,4.29,0.0,0.0,0.0,4,12.12,14.31,0.0,,127.2,140.0,
90,10653616594,36842817593,5,15.04,0.0,0.0,0.0,5,14.32,22.09,0.0,,129.3,164.0,
91,10653616594,36842817594,6,10.35,0.0,0.0,0.0,6,22.1,27.32,0.0,,121.6,156.0,
92,10653616594,36842817596,7,1.33,0.0,0.0,0.0,7,27.33,28.18,0.0,,121.4,125.0,
93,10635856697,36769193519,1,14.21,0.0,0.0,0.0,1,0.0,7.09,0.0,,119.6,142.0,
94,10635856697,36769193520,2,7.45,0.0,0.0,0.0,2,7.1,10.47,0.0,,130.2,150.0,
95,10635856697,36769193524,3,6.19,0.0,0.0,0.0,3,10.48,13.36,0.0,,143.3,157.0,
96,10635856697,36769193525,4,8.19,0.0,0.0,0.0,4,13.37,17.26,0.0,,137.8,166.0,
97,10635856697,36769193528,5,8.49,0.0,0.0,0.0,5,17.27,21.38,0.0,,139.8,156.0,
98,10635856697,36769193530,6,3.48,0.0,0.0,0.0,6,21.39,23.24,0.0,,141.8,151.0,
99,10635856697,36769193532,7,5.22,0.0,0.0,0.0,7,23.25,26.31,0.0,,132.0,167.0,
100,10635856697,36769193533,8,5.58,0.0,0.0,0.0,8,26.32,29.22,0.0,,132.8,148.0,
101,10635856697,36769193536,9,3.27,0.0,0.0,0.0,9,29.23,31.08,0.0,,140.1,153.0,
102,10629684540,36745373838,1,11.01,0.0,0.0,0.0,1,0.0,5.27,0.0,,102.6,127.0,
103,10629684540,36745373842,2,6.33,0.0,0.0,0.0,2,5.28,8.31,0.0,,108.4,140.0,
104,10629684540,36745373846,3,9.2,0.0,0.0,0.0,3,8.32,13.27,0.0,,116.1,138.0,
105,10629684540,36745373848,4,8.28,0.0,0.0,0.0,4,13.28,17.4,0.0,,115.1,146.0,
106,10629684540,36745373854,5,4.37,0.0,0.0,0.0,5,17.41,19.58,0.0,,135.7,154.0,
107,10629684540,36745373858,6,3.34,0.0,0.0,0.0,6,19.59,21.3,0.0,,155.4,169.0,
108,10629684540,36745373860,7,3.49,0.0,0.0,0.0,7,21.31,23.03,0.0,,154.7,162.0,
109,10629684540,36745373865,8,3.34,0.0,0.0,0.0,8,23.04,24.39,0.0,,143.6,158.0,
110,10629684540,36745373870,9,14.33,0.0,0.0,0.0,9,24.4,31.02,0.0,,126.0,157.0,
111,10620155607,36706478694,1,13.35,0.0,0.0,0.0,1,0.0,5.14,0.0,,146.6,179.0,
112,10620155607,36706478698,2,7.18,0.0,0.0,0.0,2,5.15,9.06,0.0,,146.7,171.0,
113,10620155607,36706478701,3,6.14,0.0,0.0,0.0,3,9.07,11.52,0.0,,157.4,172.0,
114,10620155607,36706478702,4,6.16,0.0,0.0,0.0,4,11.53,14.47,0.0,,157.5,171.0,
115,10620155607,36706478705,5,6.37,0.0,0.0,0.0,5,14.48,18.16,0.0,,155.0,169.0,
116,10620155607,36706478709,6,11.04,0.0,0.0,0.0,6,18.18,23.43,0.0,,138.2,161.0,
117,10620155607,36706478711,7,5.37,0.0,0.0,0.0,7,23.44,26.13,0.0,,129.0,145.0,
118,10610368952,36667076528,1,52.44,0.0,0.0,0.0,1,0.0,52.44,0.0,,99.8,142.0,
119,10603329582,36640978618,1,57.09,0.0,0.0,0.0,1,0.0,31.06,0.0,,122.6,168.0,
120,10597365330,36613777152,1,42.0,0.0,0.0,0.0,1,0.0,23.41,0.0,,131.5,160.0,
121,10590694930,36585378711,1,19.32,0.0,0.0,0.0,1,0.0,7.49,0.0,,144.4,168.0,
122,10590694930,36585378712,2,3.02,0.0,0.0,0.0,2,7.5,9.1,0.0,,161.2,172.0,
123,10590694930,36585378713,3,3.16,0.0,0.0,0.0,3,9.11,10.35,0.0,,160.8,173.0,
124,10590694930,36585378714,4,3.45,0.0,0.0,0.0,4,10.36,12.24,0.0,,159.9,168.0,
125,10590694930,36585378717,5,4.5,0.0,0.0,0.0,5,12.25,14.36,0.0,,151.7,165.0,
126,10590694930,36585378719,6,2.48,0.0,0.0,0.0,6,14.37,15.57,0.0,,161.4,174.0,
127,10590694930,36585378721,7,3.15,0.0,0.0,0.0,7,15.58,17.42,0.0,,154.0,164.0,
128,10590694930,36585378723,8,3.13,0.0,0.0,0.0,8,17.43,19.11,0.0,,150.6,164.0,
129,10590694930,36585378727,9,3.35,0.0,0.0,0.0,9,19.12,21.05,0.0,,156.3,169.0,
130,10590694930,36585378728,10,3.51,0.0,0.0,0.0,10,21.06,22.54,0.0,,154.7,169.0,
131,10590694930,36585378730,11,4.19,0.0,0.0,0.0,11,22.55,24.32,0.0,,137.2,171.0,
132,10578474140,36537367357,1,39.09,0.0,0.0,0.0,1,0.0,18.11,0.0,,129.4,172.0,
133,10578474140,36537367359,2,4.26,0.0,0.0,0.0,2,18.12,20.18,0.0,,143.8,163.0,
134,10578474140,36537367361,3,5.32,0.0,0.0,0.0,3,20.19,23.04,0.0,,151.9,170.0,
135,10578474140,36537367362,4,6.56,0.0,0.0,0.0,4,23.05,26.4,0.0,,138.3,166.0,
136,10578474140,36537367364,5,0.14,0.0,0.0,0.0,5,26.41,26.47,0.0,,122.6,124.0,
137,10570230744,36503498096,1,50.28,0.0,0.0,0.0,1,0.0,24.4,0.0,,137.5,157.0,
138,10564768191,36482486642,1,22.22,0.0,0.0,0.0,1,0.0,22.21,0.0,,90.1,123.0,
139,10558775744,36460439097,1,37.49,0.0,0.0,0.0,1,0.0,16.28,0.0,,145.9,173.0,
140,10545311012,36402719622,1,7.44,0.0,0.0,0.0,1,0.0,3.34,0.0,,125.6,144.0,
141,10545311012,36402719628,2,5.04,0.0,0.0,0.0,2,3.35,5.53,0.0,,136.4,153.0,
142,10545311012,36402719635,3,5.53,0.0,0.0,0.0,3,5.54,8.26,0.0,,122.5,137.0,
143,10545311012,36402719643,4,6.32,0.0,0.0,0.0,4,8.27,11.06,0.0,,140.4,152.0,
144,10545311012,36402719649,5,0.17,0.0,0.0,0.0,5,11.07,11.14,0.0,,127.2,133.0,
145,10539681683,36380990846,1,11.18,0.0,0.0,0.0,1,0.0,6.03,0.0,,139.9,175.0,
146,10539681683,36380990851,2,6.2,0.0,0.0,0.0,2,6.04,8.39,0.0,,152.1,167.0,
147,10539681683,36380990855,3,6.14,0.0,0.0,0.0,3,8.4,11.59,0.0,,140.4,171.0,
148,10539681683,36380990863,4,7.25,0.0,0.0,0.0,4,12.0,15.33,0.0,,149.9,173.0,
149,10539681683,36380990866,5,1.18,0.0,0.0,0.0,5,15.34,16.22,0.0,,139.9,164.0,
150,10534801137,36361189029,1,30.02,0.0,0.0,0.0,1,0.0,12.2,0.0,,130.0,162.0,
151,10521524295,36308806182,1,3.09,0.0,0.0,0.0,1,0.0,1.41,0.0,,115.2,133.0,
152,10521524295,36308806184,2,2.59,0.0,0.0,0.0,2,1.42,3.05,0.0,,150.3,164.0,
153,10521524295,36308806186,3,2.53,0.0,0.0,0.0,3,3.06,4.14,0.0,,160.8,171.0,
154,10521524295,36308806187,4,3.02,0.0,0.0,0.0,4,4.15,5.55,0.0,,158.0,174.0,
155,10521524295,36308806188,5,3.39,0.0,0.0,0.0,5,5.56,7.32,0.0,,162.7,173.0,
156,10521524295,36308806189,6,4.16,0.0,0.0,0.0,6,7.33,9.3,0.0,,154.2,182.0,
157,10515252383,36286211974,1,8.17,0.0,0.0,0.0,1,0.0,4.38,0.0,,138.0,154.0,
158,10515252383,36286211976,2,4.52,0.0,0.0,0.0,2,4.39,7.19,0.0,,146.3,173.0,
159,10515252383,36286211978,3,5.37,0.0,0.0,0.0,3,7.2,10.09,0.0,,155.2,174.0,
160,10515252383,36286211980,4,11.14,0.0,0.0,0.0,4,10.1,15.3,0.0,,140.5,164.0,
161,10508123978,36256579666,1,21.27,0.0,0.0,0.0,1,0.0,10.1,0.0,,145.9,185.0,
162,10500931546,36227704811,1,7.36,0.0,0.0,0.0,1,0.0,3.48,0.0,,112.9,133.0,
163,10500931546,36227704814,2,4.25,0.0,0.0,0.0,2,3.49,6.06,0.0,,132.0,144.0,
164,10500931546,36227704818,3,4.59,0.0,0.0,0.0,3,6.07,8.42,0.0,,152.9,170.0,
165,10500931546,36227704821,4,5.03,0.0,0.0,0.0,4,8.43,11.15,0.0,,151.9,173.0,
166,10500931546,36227704825,5,6.34,0.0,0.0,0.0,5,11.16,14.13,0.0,,148.5,170.0,
167,10500931546,36227704827,6,2.06,0.0,0.0,0.0,6,14.14,15.26,0.0,,128.9,158.0,
168,10488158511,36178831863,1,16.57,0.0,0.0,0.0,1,0.0,8.07,0.0,,145.1,166.0,
169,10488158511,36178831868,2,2.39,0.0,0.0,0.0,2,8.08,9.3,0.0,,144.0,169.0,
170,10488158511,36178831876,3,3.55,0.0,0.0,0.0,3,9.31,11.42,0.0,,135.7,163.0,
171,10488158511,36178831881,4,6.07,0.0,0.0,0.0,4,11.43,14.43,0.0,,144.5,177.0,
172,10488158511,36178831887,5,0.24,0.0,0.0,0.0,5,14.44,15.0,0.0,,115.3,129.0,
173,10480429973,36148023306,1,6.57,0.0,0.0,0.0,1,0.0,3.57,0.0,,147.7,167.0,
174,10480429973,36148023312,2,3.55,0.0,0.0,0.0,2,3.58,5.52,0.0,,163.2,173.0,
175,10480429973,36148023317,3,3.46,0.0,0.0,0.0,3,5.53,7.58,0.0,,167.3,178.0,
176,10480429973,36148023323,4,4.44,0.0,0.0,0.0,4,7.59,10.14,0.0,,164.1,175.0,
177,10480429973,36148023329,5,2.07,0.0,0.0,0.0,5,10.15,11.28,0.0,,147.0,174.0,
178,10412764737,35878413088,1,4.34,0.0,0.0,0.0,1,0.0,2.35,0.0,,113.8,129.0,
179,10412764737,35878413089,2,4.09,0.0,0.0,0.0,2,2.36,4.45,0.0,,121.7,142.0,
180,10412764737,35878413092,3,2.35,0.0,0.0,0.0,3,4.46,6.1,0.0,,125.3,143.0,
181,10412764737,35878413095,4,3.32,0.0,0.0,0.0,4,6.11,8.12,0.0,,135.3,155.0,
182,10412764737,35878413097,5,2.26,0.0,0.0,0.0,5,8.13,9.33,0.0,,143.3,157.0,
183,10402560430,35837486403,1,7.33,0.0,0.0,0.0,1,0.0,3.36,0.0,,119.0,137.0,
184,10402560430,35837486404,2,3.2,0.0,0.0,0.0,2,3.37,5.1,0.0,,136.9,152.0,
185,10402560430,35837486407,3,4.35,0.0,0.0,0.0,3,5.11,7.18,0.0,,145.1,155.0,
186,10402560430,35837486409,4,4.36,0.0,0.0,0.0,4,7.19,9.52,0.0,,140.6,155.0,
187,10402560430,35837486413,5,7.35,0.0,0.0,0.0,5,9.53,13.16,0.0,,123.2,138.0,
188,10402560430,35837486414,6,0.0,0.0,0.0,0.0,6,13.17,13.18,0.0,,134.0,134.0,
189,10396420409,35815218273,1,4.0,0.0,0.0,0.0,1,0.0,1.56,0.0,,123.8,146.0,
190,10396420409,35815218276,2,4.16,0.0,0.0,0.0,2,1.57,4.26,0.0,,114.6,127.0,
191,10396420409,35815218278,3,3.46,0.0,0.0,0.0,3,4.27,6.45,0.0,,113.7,136.0,
192,10396420409,35815218281,4,6.14,0.0,0.0,0.0,4,6.46,10.04,0.0,,126.9,158.0,
193,10396420409,35815218284,5,0.06,0.0,0.0,0.0,5,10.05,10.08,0.0,,124.0,126.0,
194,10376354306,35733718191,1,6.45,0.0,0.0,0.0,1,0.0,3.31,0.0,,134.2,146.0,
195,10376354306,35733718192,2,4.1,0.0,0.0,0.0,2,3.32,5.11,0.0,,138.9,151.0,
196,10376354306,35733718193,3,3.22,0.0,0.0,0.0,3,5.12,6.41,0.0,,148.2,160.0,
197,10376354306,35733718194,4,4.55,0.0,0.0,0.0,4,6.42,8.57,0.0,,146.4,156.0,
198,10376354306,35733718195,5,0.51,0.0,0.0,0.0,5,8.58,9.22,0.0,,141.1,151.0,
199,10371196691,35713543240,1,2.33,0.0,0.0,0.0,1,0.0,1.24,0.0,,123.5,139.0,
200,10371196691,35713543242,2,4.08,0.0,0.0,0.0,2,1.25,3.35,0.0,,124.3,136.0,
201,10371196691,35713543243,3,4.0,0.0,0.0,0.0,3,3.36,5.28,0.0,,133.1,146.0,
202,10371196691,35713543245,4,4.12,0.0,0.0,0.0,4,5.29,7.21,0.0,,129.4,138.0,
203,10371196691,35713543246,5,0.16,0.0,0.0,0.0,5,7.22,7.28,0.0,,133.1,134.0,
204,10363350925,35683040920,1,9.08,0.0,0.0,0.0,1,0.0,4.57,0.0,,121.5,148.0,
205,10363350925,35683040925,2,5.07,0.0,0.0,0.0,2,4.58,7.24,0.0,,131.6,154.0,
206,10363350925,35683040930,3,6.24,0.0,0.0,0.0,3,7.25,10.25,0.0,,140.4,157.0,
207,10363350925,35683040934,4,5.04,0.0,0.0,0.0,4,10.26,12.41,0.0,,139.2,157.0,
208,10363350925,35683040936,5,0.12,0.0,0.0,0.0,5,12.42,12.47,0.0,,136.9,140.0,
209,10348140245,35620775910,1,5.38,0.0,0.0,0.0,1,0.0,3.16,0.0,,107.1,134.0,
210,10348140245,35620775917,2,5.1,0.0,0.0,0.0,2,3.17,6.1,0.0,,126.1,143.0,
211,10348140245,35620775918,3,4.35,0.0,0.0,0.0,3,6.11,8.32,0.0,,138.3,157.0,
212,10348140245,35620775922,4,6.2,0.0,0.0,0.0,4,8.33,11.24,0.0,,132.7,149.0,
213,10348140245,35620775926,5,2.23,0.0,0.0,0.0,5,11.25,12.39,0.0,,110.6,136.0,
214,10343078755,35601174991,1,7.08,1.0,8.424,12.1608,1,0.0,1.21,4.4,86.5,118.2,130.0,0.0
215,10343078755,35601174992,2,7.32,1.0,7.956,11.516399999999999,2,1.22,3.11,18.0,85.6,137.2,151.0,0.0
216,10343078755,35601174995,3,6.54,1.0,8.712,14.3208,3,3.12,4.35,7.6,87.0,137.8,152.0,0.0
217,10343078755,35601174997,4,0.07,0.01,7.164,7.4628,4,4.35,4.35,0.0,86.0,151.0,151.0,0.0
218,10337763402,35580611560,1,13.43,0.0,0.0,0.0,1,0.0,6.55,0.0,,106.6,136.0,
219,10337763402,35580611561,2,3.58,0.0,0.0,0.0,2,6.56,8.45,0.0,,110.9,124.0,
220,10337763402,35580611562,3,4.58,0.0,0.0,0.0,3,8.46,11.15,0.0,,122.2,134.0,
221,10337763402,35580611563,4,5.26,0.0,0.0,0.0,4,11.16,13.56,0.0,,129.6,153.0,
222,10337763402,35580611564,5,0.08,0.0,0.0,0.0,5,13.57,14.0,0.0,,136.1,137.0,
223,10332269232,35559064048,1,14.29,0.0,0.0,0.0,1,0.0,7.33,0.0,,102.2,144.0,
224,10332269232,35559064051,2,8.02,0.0,0.0,0.0,2,7.34,11.38,0.0,,109.4,131.0,
225,10332269232,35559064053,3,8.54,0.0,0.0,0.0,3,11.39,15.41,0.0,,108.6,137.0,
226,10332269232,35559064057,4,10.0,0.0,0.0,0.0,4,15.42,20.32,0.0,,104.9,137.0,
227,10332269232,35559064058,5,0.09,0.0,0.0,0.0,5,20.33,20.39,0.0,,87.7,90.0,
228,10328994206,35546930740,1,33.56,1.61,2.8440000000000003,14.7816,1,0.0,6.25,36.8,49.7,83.6,101.0,
229,10328994206,35546930744,2,15.11,1.0,3.9240000000000004,5.932799999999999,2,6.26,9.23,14.8,52.1,86.2,97.0,
230,10322687345,35523250605,1,5.47,1.0,10.368,14.680800000000001,1,0.0,1.03,8.6,89.1,139.4,156.0,0.0
231,10322687345,35523250612,2,5.56,1.0,10.116,13.8276,2,1.04,2.19,0.0,89.2,157.8,162.0,0.0
232,10322687345,35523250618,3,5.44,1.0,10.476,14.112,3,2.2,3.39,0.0,89.0,160.9,167.0,0.0
233,10322687345,35523250623,4,5.39,1.0,10.620000000000001,13.0104,4,3.4,4.59,2.8,89.3,165.7,173.0,0.0
234,10322687345,35523250631,5,5.47,1.0,10.368,11.4876,5,5.0,6.22,2.0,89.6,173.5,185.0,0.0
235,10322687345,35523250637,6,5.49,1.0,10.332,13.8384,6,6.23,7.39,5.2,90.1,181.3,188.0,0.0
236,10322687345,35523250645,7,5.52,1.0,10.224,16.164,7,7.4,8.55,3.4,89.6,183.5,189.0,0.0
237,10322687345,35523250649,8,6.27,1.0,9.288,11.3436,8,8.56,10.27,26.4,88.8,180.6,187.0,0.0
238,10322687345,35523250654,9,6.05,1.0,9.864,11.768400000000002,9,10.28,11.48,8.4,89.4,181.1,189.0,0.0
239,10322687345,35523250662,10,5.31,1.0,10.872,13.078800000000001,10,11.49,13.06,0.0,90.2,184.6,193.0,0.0
240,10322687345,35523250668,11,5.46,1.0,10.404,12.078,11,13.07,14.15,0.0,89.3,183.2,187.0,0.0
241,10322687345,35523250671,12,5.44,1.0,10.476,12.1248,12,14.16,15.29,0.0,89.6,183.1,190.0,0.0
242,10322687345,35523250675,13,5.57,1.0,10.08,12.898800000000001,13,15.3,16.46,12.6,89.2,182.0,187.0,0.0
243,10322687345,35523250679,14,5.47,1.0,10.368,12.232800000000001,14,16.47,18.04,4.8,89.2,179.4,185.0,0.0
244,10322687345,35523250683,15,5.53,1.0,10.188,11.4264,15,18.05,19.2,0.0,89.8,176.7,184.0,0.0
245,10322687345,35523250686,16,5.4,1.0,10.584,12.5856,16,19.21,20.31,2.0,90.3,175.7,185.0,0.0
246,10322687345,35523250688,17,6.0,1.0,10.008,15.2712,17,20.32,21.53,7.4,88.9,164.9,182.0,0.0
247,10322687345,35523250691,18,5.45,1.0,10.44,11.5776,18,21.54,23.03,0.0,90.1,163.5,168.0,0.0
248,10322687345,35523250696,19,5.44,1.0,10.476,26.2836,19,23.04,24.26,7.4,90.1,166.0,174.0,0.0
249,10322687345,35523250699,20,6.08,1.0,9.792000000000002,11.217600000000001,20,24.27,25.35,2.4,90.4,162.7,165.0,0.0
250,10322687345,35523250701,21,6.0,1.0,10.008,11.6028,21,25.36,26.28,0.0,90.3,163.9,173.0,0.0
251,10313897702,35484651811,1,10.49,0.0,0.0,0.0,1,0.0,4.38,0.0,,135.4,173.0,
252,10313897702,35484651813,2,3.32,0.0,0.0,0.0,2,4.39,6.11,0.0,,138.4,149.0,
253,10313897702,35484651816,3,3.27,0.0,0.0,0.0,3,6.12,7.38,0.0,,136.6,150.0,
254,10313897702,35484651818,4,6.11,0.0,0.0,0.0,4,7.39,9.54,0.0,,136.4,152.0,
255,10313897702,35484651819,5,2.26,0.0,0.0,0.0,5,9.55,10.53,0.0,,112.0,126.0,
256,10309277702,35467202345,1,7.59,1.0,7.524,11.4732,1,0.0,0.28,14.0,83.8,129.0,140.0,0.0
257,10309277702,35467202347,2,7.2,1.0,8.172,10.4184,2,0.29,0.57,0.0,85.4,138.1,148.0,0.0
258,10303798160,35446455886,1,2.58,0.0,0.0,0.0,1,0.0,1.58,0.0,,126.9,145.0,
259,10303798160,35446455890,2,4.56,0.0,0.0,0.0,2,1.59,4.42,0.0,,144.9,156.0,
260,10303798160,35446455893,3,5.27,0.0,0.0,0.0,3,4.43,7.49,0.0,,134.8,154.0,
261,10303798160,35446455895,4,0.55,0.0,0.0,0.0,4,7.5,8.27,0.0,,144.9,152.0,
262,10298502876,35425888243,1,6.1,1.0,9.72,21.6432,1,0.0,0.0,13.4,87.8,141.3,166.0,0.0
263,10298502876,35425888244,2,6.03,1.0,9.9,26.3232,2,0.0,0.0,0.0,88.3,155.7,169.0,0.0
264,10298502876,35425888246,3,6.39,1.0,9.036,19.1448,3,0.0,0.0,0.0,87.8,155.7,170.0,0.0
265,10298502876,35425888250,4,5.58,1.0,10.044,23.9256,4,0.0,0.0,0.0,89.4,157.5,165.0,0.0
266,10298502876,35425888251,5,0.07,0.01,7.416,8.1864,5,0.0,0.0,0.0,86.0,162.0,163.0,0.0
267,10292826019,35403541279,1,7.15,1.0,8.28,10.087200000000001,1,0.0,0.0,8.0,86.6,134.7,147.0,0.0
268,10292826019,35403541280,2,7.37,1.0,7.884,8.7984,2,0.0,0.0,2.6,85.2,141.2,149.0,0.0
269,10292826019,35403541281,3,7.26,1.0,8.064000000000002,9.5436,3,0.0,0.0,0.0,86.6,146.6,153.0,0.0
270,10292826019,35403541282,4,7.41,1.0,7.812,8.6868,4,0.0,0.0,0.0,86.4,150.0,156.0,0.0
271,10292826019,35403541284,5,6.28,1.0,9.288,16.1136,5,0.0,0.0,2.0,86.7,155.3,167.0,0.0
272,10292826019,35403541285,6,7.34,1.0,7.920000000000001,10.677600000000002,6,0.0,0.0,0.0,83.8,151.4,161.0,0.0
273,10275298329,35333725151,1,5.17,0.0,0.0,0.0,1,0.0,2.52,0.0,,140.6,164.0,
274,10275298329,35333725155,2,7.51,0.0,0.0,0.0,2,2.53,6.26,0.0,,152.5,169.0,
275,10275298329,35333725159,3,7.23,0.0,0.0,0.0,3,6.27,10.15,0.0,,147.2,167.0,
276,10275298329,35333725164,4,9.29,0.0,0.0,0.0,4,10.16,14.51,0.0,,147.0,169.0,
277,10275298329,35333725167,5,4.41,0.0,0.0,0.0,5,14.52,16.42,0.0,,141.9,163.0,
278,10263705407,35289552337,1,9.52,0.0,0.0,0.0,1,0.0,5.21,0.0,,114.2,153.0,
279,10263705407,35289552338,2,6.07,0.0,0.0,0.0,2,5.22,8.15,0.0,,146.1,161.0,
280,10263705407,35289552341,3,6.42,0.0,0.0,0.0,3,8.16,11.54,0.0,,142.8,165.0,
281,10263705407,35289552343,4,11.33,0.0,0.0,0.0,4,11.55,17.58,0.0,,127.7,156.0,
282,10263705407,35289552346,5,1.0,0.0,0.0,0.0,5,17.59,18.32,0.0,,135.0,144.0,
283,10257445914,35265307813,1,6.2,1.0,9.468,11.7864,1,0.0,1.0,5.8,87.0,133.6,145.0,0.0
284,10257445914,35265307814,2,6.46,1.0,8.856,13.0896,2,1.01,2.22,10.8,85.5,140.3,149.0,0.0
285,10257445914,35265307817,3,6.4,1.0,9.0,11.8872,3,2.23,3.44,8.0,85.8,148.4,158.0,0.0
286,10257445914,35265307819,4,6.29,1.0,9.251999999999999,12.870000000000001,4,3.45,5.1,11.4,85.9,153.6,160.0,0.0
287,10257445914,35265307823,5,5.42,0.86,9.0,16.3152,5,5.11,6.11,7.0,86.4,157.3,169.0,0.0
288,10251037068,35241896766,1,7.23,1.0,8.136,10.2636,1,0.0,1.09,5.4,85.8,122.6,133.0,0.0
289,10251037068,35241896769,2,7.42,1.0,7.776000000000001,12.5892,2,1.1,2.36,8.4,85.4,135.0,144.0,0.0
290,10251037068,35241896771,3,7.43,1.0,7.776000000000001,10.782,3,2.37,3.53,7.0,84.9,142.9,146.0,0.0
291,10251037068,35241896773,4,7.42,1.0,7.776000000000001,8.676,4,3.54,5.06,0.0,85.3,139.7,145.0,0.0
292,10251037068,35241896775,5,7.49,1.0,7.668,13.3452,5,5.07,6.28,11.6,85.0,147.0,155.0,0.0
293,10251037068,35241896777,6,7.38,1.0,7.848000000000001,10.404,6,6.29,7.29,9.6,85.0,149.0,159.0,0.0
294,10251037068,35241896778,7,0.06,0.01,8.064000000000002,7.0596000000000005,7,7.29,7.29,0.0,82.0,155.0,155.0,0.0
295,10241125925,35202031449,1,35.28,0.0,0.0,0.0,1,0.0,35.28,0.0,,81.6,115.0,
296,10233971826,35173220680,1,5.38,1.0,10.656,20.091600000000003,1,0.0,0.0,6.4,90.7,140.7,158.0,0.0
297,10233971826,35173220681,2,6.15,1.0,9.612,22.7664,2,0.0,0.0,0.0,89.0,152.3,160.0,0.0
298,10233971826,35173220685,3,6.09,1.0,9.756,21.7548,3,0.0,0.0,0.0,90.2,154.2,161.0,0.0
299,10233971826,35173220687,4,7.2,1.0,8.172,22.14,4,0.0,0.0,0.0,86.8,153.7,163.0,0.0
300,10230950959,35162331972,1,4.16,0.0,0.0,0.0,1,0.0,2.02,0.0,,111.6,124.0,
301,10230950959,35162331973,2,3.01,0.0,0.0,0.0,2,2.03,3.28,0.0,,122.8,135.0,
302,10230950959,35162331974,3,5.08,0.0,0.0,0.0,3,3.29,6.08,0.0,,139.4,150.0,
303,10230950959,35162331976,4,3.33,0.0,0.0,0.0,4,6.09,7.59,0.0,,125.2,142.0,
304,10230950959,35162331977,5,2.51,0.0,0.0,0.0,5,8.0,9.15,0.0,,130.7,138.0,
305,10230950959,35162331978,6,5.06,0.0,0.0,0.0,6,9.16,11.56,0.0,,121.3,148.0,
306,10230950959,35162331979,7,3.01,0.0,0.0,0.0,7,11.57,13.2,0.0,,121.7,130.0,
307,10230950959,35162331980,8,3.05,0.0,0.0,0.0,8,13.21,15.04,0.0,,126.1,138.0,
308,10230950959,35162331981,9,3.24,0.0,0.0,0.0,9,15.05,16.47,0.0,,121.9,133.0,
309,10230950959,35162331982,10,0.43,0.0,0.0,0.0,10,16.48,17.04,0.0,,131.4,135.0,
310,10230744464,35161564943,1,7.01,1.0,8.568,21.096,1,0.0,1.21,5.2,86.5,132.1,142.0,0.0
311,10230744464,35161564947,2,7.25,1.0,8.1,11.0988,2,1.22,2.53,8.8,86.7,140.4,148.0,0.0
312,10230744464,35161564949,3,7.26,1.0,8.064000000000002,12.3804,3,2.54,4.19,9.8,86.4,142.1,146.0,0.0
313,10230744464,35161564952,4,7.25,1.0,8.1,9.8856,4,4.2,5.37,0.0,85.9,144.2,149.0,0.0
314,10230744464,35161564955,5,7.49,1.0,7.668,12.391200000000001,5,5.38,7.11,11.2,86.4,146.7,154.0,0.0
315,10230744464,35161564959,6,6.07,1.0,9.792000000000002,13.5288,6,7.12,8.15,10.2,87.7,152.8,164.0,0.0
316,10225811458,35142593820,1,1.25,0.0,0.0,0.0,1,0.0,0.43,0.0,,112.3,121.0,
317,10225811458,35142593823,2,2.27,0.0,0.0,0.0,2,0.44,1.54,0.0,,151.7,169.0,
318,10225811458,35142593824,3,2.5,0.0,0.0,0.0,3,1.55,3.12,0.0,,162.4,171.0,
319,10225811458,35142593825,4,3.14,0.0,0.0,0.0,4,3.13,4.28,0.0,,162.3,173.0,
320,10225811458,35142593827,5,3.11,0.0,0.0,0.0,5,4.29,6.02,0.0,,133.4,173.0,
321,10225811458,35142593828,6,4.03,0.0,0.0,0.0,6,6.03,7.53,0.0,,142.8,161.0,
322,10225811458,35142593829,7,4.47,0.0,0.0,0.0,7,7.54,10.4,0.0,,116.1,158.0,
323,10225811458,35142593830,8,0.12,0.0,0.0,0.0,8,10.41,10.47,0.0,,123.0,126.0,
324,10220071235,35120744245,1,6.26,1.0,9.324,13.2372,1,0.0,0.55,8.8,86.2,140.7,153.0,0.0
325,10220071235,35120744249,2,6.09,1.0,9.756,11.9052,2,0.56,2.12,2.2,85.4,152.4,157.0,0.0
326,10220071235,35120744251,3,6.23,1.0,9.395999999999999,11.516399999999999,3,2.13,3.38,0.0,84.5,152.4,157.0,0.0
327,10220071235,35120744255,4,1.25,0.23,9.756,17.8776,4,3.39,3.39,0.0,86.9,153.6,158.0,0.0
328,10212537905,35092031317,1,6.12,1.0,9.684,12.0312,1,0.0,1.14,7.2,87.5,131.3,156.0,0.0
329,10212537905,35092031319,2,5.57,1.0,10.08,13.6188,2,1.15,2.39,8.8,87.0,154.7,160.0,0.0
330,10212537905,35092031320,3,6.04,1.0,9.9,14.709600000000002,3,2.4,4.01,10.0,86.8,163.9,175.0,0.0
331,10212537905,35092031321,4,6.05,1.0,9.864,15.285600000000002,4,4.02,5.25,5.8,87.7,151.9,167.0,0.0
332,10212537905,35092031323,5,0.48,0.13,9.648000000000001,13.086,5,5.25,5.25,0.0,87.6,162.3,164.0,0.0
333,10206893697,35071922501,1,8.33,0.0,0.0,0.0,1,0.0,4.17,0.0,,122.0,175.0,
334,10206893697,35071922507,2,5.47,0.0,0.0,0.0,2,4.18,6.37,0.0,,166.9,184.0,
335,10206893697,35071922513,3,6.57,0.0,0.0,0.0,3,6.38,9.21,0.0,,161.7,172.0,
336,10206893697,35071922515,4,7.17,0.0,0.0,0.0,4,9.22,12.42,0.0,,155.4,174.0,
337,10206893697,35071922519,5,12.4,0.0,0.0,0.0,5,12.43,18.4,0.0,,120.0,169.0,
338,10194730740,35021398126,1,6.21,1.0,9.432,11.9484,1,0.0,1.04,9.2,89.0,146.8,158.0,0.0
339,10194730740,35021398129,2,6.34,1.0,9.144,13.0752,2,1.05,2.45,14.0,87.6,158.1,162.0,0.0
340,10194730740,35021398132,3,6.44,1.0,8.928,13.248000000000001,3,2.46,4.21,20.4,86.7,156.5,164.0,0.0
341,10194730740,35021398136,4,6.43,1.0,8.928,13.870800000000001,4,4.22,5.55,10.0,86.5,160.2,170.0,0.0
342,10194730740,35021398140,5,6.14,1.0,9.612,15.659999999999998,5,5.56,7.17,7.4,86.4,166.4,177.0,0.0
343,10194730740,35021398142,6,0.57,0.14,8.82,10.5084,6,7.17,7.17,0.0,86.2,163.7,166.0,0.0
344,10180090228,34966541739,1,6.08,1.0,9.792000000000002,12.7908,1,0.0,1.12,0.0,83.9,151.2,165.0,0.0
345,10180090228,34966541740,2,5.49,1.0,10.332,16.768800000000002,2,1.13,2.36,0.0,84.2,161.1,167.0,0.0
346,10180090228,34966541742,3,6.02,1.0,9.936,14.5908,3,2.37,3.48,0.0,84.3,162.8,171.0,0.0
347,10180090228,34966541744,4,3.54,0.67,10.332,15.4512,4,3.49,4.34,0.0,85.1,165.1,174.0,0.0
348,10172929832,34939962575,1,4.33,0.0,0.0,0.0,1,0.0,2.34,0.0,,133.7,160.0,
349,10172929832,34939962580,2,6.45,0.0,0.0,0.0,2,2.35,5.4,0.0,,148.1,162.0,
350,10172929832,34939962586,3,7.13,0.0,0.0,0.0,3,5.41,9.33,0.0,,150.0,169.0,
351,10172929832,34939962587,4,1.29,0.0,0.0,0.0,4,9.34,10.14,0.0,,124.9,151.0,
352,10144724752,34831263058,1,5.39,0.0,0.0,0.0,1,0.0,3.04,0.0,,127.2,153.0,
353,10144724752,34831263062,2,6.05,0.0,0.0,0.0,2,3.05,6.17,0.0,,130.0,148.0,
354,10144724752,34831263064,3,8.24,0.0,0.0,0.0,3,6.18,10.54,0.0,,120.6,154.0,
355,10144724752,34831263066,4,6.38,0.0,0.0,0.0,4,10.55,14.27,0.0,,131.2,161.0,
356,10144724752,34831263069,5,10.47,0.0,0.0,0.0,5,14.28,20.0,0.0,,125.2,157.0,
357,10144724752,34831263070,6,0.33,0.0,0.0,0.0,6,20.01,20.13,0.0,,127.6,130.0,
358,10132918240,34786096535,1,2.1,0.0,0.0,0.0,1,0.0,1.14,0.0,,129.3,135.0,
359,10132918240,34786096536,2,3.43,0.0,0.0,0.0,2,1.15,3.18,0.0,,146.8,163.0,
360,10132918240,34786096538,3,4.28,0.0,0.0,0.0,3,3.19,5.51,0.0,,143.6,164.0,
361,10132918240,34786096540,4,5.01,0.0,0.0,0.0,4,5.52,8.41,0.0,,147.0,165.0,
362,10132918240,34786096541,5,3.04,0.0,0.0,0.0,5,8.42,10.22,0.0,,133.9,152.0,
363,10132918240,34786096544,6,3.13,0.0,0.0,0.0,6,10.23,12.07,0.0,,130.8,149.0,
364,10132918240,34786096545,7,4.16,0.0,0.0,0.0,7,12.08,14.13,0.0,,125.4,148.0,
365,10115391762,34716945124,1,5.2,0.0,0.0,0.0,1,0.0,2.45,0.0,,129.8,156.0,
366,10115391762,34716945127,2,6.0,0.0,0.0,0.0,2,2.46,5.5,0.0,,137.0,162.0,
367,10115391762,34716945132,3,6.17,0.0,0.0,0.0,3,5.51,8.4,0.0,,147.1,162.0,
368,10115391762,34716945136,4,8.31,0.0,0.0,0.0,4,8.41,12.38,0.0,,135.9,157.0,
369,10115391762,34716945139,5,4.39,0.0,0.0,0.0,5,12.39,14.47,0.0,,130.0,155.0,
370,10115391762,34716945140,6,4.23,0.0,0.0,0.0,6,14.48,16.57,0.0,,123.8,142.0,
371,10115391762,34716945142,7,6.07,0.0,0.0,0.0,7,16.58,19.21,0.0,,124.5,146.0,
372,10115391762,34716945144,8,1.08,0.0,0.0,0.0,8,19.22,19.5,0.0,,105.4,113.0,
373,10109780540,34696851643,1,6.47,0.0,0.0,0.0,1,0.0,3.48,0.0,,131.7,151.0,
374,10109780540,34696851646,2,6.02,0.0,0.0,0.0,2,3.49,6.57,0.0,,141.7,160.0,
375,10109780540,34696851650,3,6.31,0.0,0.0,0.0,3,6.58,10.31,0.0,,130.7,160.0,
376,10109780540,34696851653,4,8.02,0.0,0.0,0.0,4,10.32,14.34,0.0,,142.2,164.0,
377,10103629266,34673820676,1,4.47,0.0,0.0,0.0,1,0.0,2.18,0.0,,109.3,123.0,
378,10103629266,34673820678,2,5.38,0.0,0.0,0.0,2,2.19,5.1,0.0,,119.4,137.0,
379,10103629266,34673820680,3,6.1,0.0,0.0,0.0,3,5.11,8.14,0.0,,131.7,147.0,
380,10103629266,34673820684,4,8.12,0.0,0.0,0.0,4,8.15,12.16,0.0,,126.5,149.0,
381,10103629266,34673820688,5,7.24,0.0,0.0,0.0,5,12.17,15.3,0.0,,113.1,144.0,
382,10098991783,34656698491,1,52.35,0.0,0.0,0.0,1,0.0,24.51,0.0,,96.9,124.0,
383,10092216569,34631939298,1,87.45,5.24,3.564,12.5892,1,0.0,17.36,133.4,50.8,78.5,111.0,
384,10085705801,34609223792,1,6.5,1.0,8.784,12.9492,1,0.0,1.18,14.2,83.8,156.6,169.0,0.0
385,10085705801,34609223794,2,7.08,1.0,8.424,13.824,2,1.19,3.11,25.2,82.7,164.3,177.0,0.0
386,10085705801,34609223796,3,6.34,1.0,9.144,11.988000000000001,3,3.12,4.53,11.2,83.7,165.9,173.0,0.0
387,10085705801,34609223798,4,6.38,1.0,9.036,13.2048,4,4.54,6.24,17.2,80.1,164.2,174.0,0.0
388,10085705801,34609223800,5,9.55,1.0,6.048,14.3568,5,6.25,8.58,31.0,73.4,162.2,176.0,0.0
389,10085705801,34609223803,6,8.51,1.0,6.768,14.6952,6,8.59,11.19,27.6,76.0,159.0,167.0,0.0
390,10085705801,34609223807,7,11.2,1.0,5.292,13.0212,7,11.2,14.03,25.8,70.5,157.7,171.0,0.0
391,10085705801,34609223808,8,10.3,1.0,5.724,11.390400000000001,8,14.04,16.44,9.2,68.7,147.2,162.0,0.0
392,10085705801,34609223810,9,11.04,1.0,5.436,12.096,9,16.45,19.4,49.8,66.5,149.7,173.0,0.0
393,10085705801,34609223813,10,14.52,1.0,4.032000000000001,14.0472,10,19.41,21.11,45.6,67.5,149.3,163.0,0.0
394,10085705801,34609223814,11,1.5,0.12,3.9960000000000004,10.872,11,21.11,21.11,7.4,89.1,145.9,159.0,0.0
395,10073711926,34559676443,1,53.41,3.15,3.528,10.2888,1,0.0,11.03,37.2,51.5,89.1,110.0,
396,10069074657,34543037027,1,7.16,0.0,0.0,0.0,1,0.0,3.44,0.0,,124.8,165.0,
397,10069074657,34543037028,2,5.04,0.0,0.0,0.0,2,3.45,5.53,0.0,,153.9,167.0,
398,10069074657,34543037031,3,6.0,0.0,0.0,0.0,3,5.54,8.58,0.0,,148.6,169.0,
399,10069074657,34543037033,4,8.17,0.0,0.0,0.0,4,8.59,12.45,0.0,,145.9,168.0,
400,10064138380,34524645261,1,9.47,0.0,0.0,0.0,1,0.0,5.02,0.0,,104.0,132.0,
401,10064138380,34524645265,2,5.29,0.0,0.0,0.0,2,5.03,7.45,0.0,,136.9,151.0,
402,10064138380,34524645267,3,6.12,0.0,0.0,0.0,3,7.46,11.09,0.0,,138.2,157.0,
403,10064138380,34524645269,4,6.07,0.0,0.0,0.0,4,11.1,14.2,0.0,,138.5,151.0,
404,10064138380,34524645271,5,10.43,0.0,0.0,0.0,5,14.21,20.05,0.0,,127.7,152.0,
405,10064138380,34524645272,6,0.04,0.0,0.0,0.0,6,20.06,20.08,0.0,,132.0,132.0,
406,10058636758,34504420613,1,6.16,1.0,9.576,13.2552,1,0.0,0.0,9.8,87.2,140.5,159.0,0.0
407,10058636758,34504420614,2,5.43,1.0,10.512,16.0272,2,0.0,0.0,0.0,87.6,159.8,167.0,0.0
408,10058636758,34504420615,3,6.15,1.0,9.612,11.1888,3,0.0,0.0,0.0,86.8,157.8,164.0,0.0
409,10058636758,34504420616,4,6.19,1.0,9.504000000000001,11.5632,4,0.0,0.0,0.0,86.4,157.7,164.0,0.0
410,10058636758,34504420618,5,5.42,1.0,10.512,14.1012,5,0.0,0.0,0.0,87.6,160.4,167.0,0.0
411,10052377395,34481057931,1,6.25,1.0,9.360000000000001,19.62,1,0.0,0.0,4.0,86.7,134.5,146.0,0.0
412,10052377395,34481057933,2,5.09,1.0,11.664000000000001,20.340000000000003,2,0.0,0.0,0.0,88.9,153.1,173.0,0.0
413,10052377395,34481057934,3,5.49,1.0,10.332,20.3616,3,0.0,0.0,0.0,88.0,165.5,174.0,0.0
414,10052377395,34481057936,4,6.06,1.0,9.828,22.392,4,0.0,0.0,0.0,88.3,160.3,169.0,0.0
415,10052377395,34481057938,5,5.56,1.0,10.116,24.5484,5,0.0,0.0,0.0,88.9,164.5,171.0,0.0
416,10038937329,34429439831,1,2.54,0.0,0.0,0.0,1,0.0,1.28,0.0,,140.7,155.0,
417,10038937329,34429439833,2,4.05,0.0,0.0,0.0,2,1.29,3.09,0.0,,155.9,172.0,
418,10038937329,34429439838,3,4.08,0.0,0.0,0.0,3,3.1,5.04,0.0,,151.8,168.0,
419,10038937329,34429439842,4,6.06,0.0,0.0,0.0,4,5.05,7.49,0.0,,146.1,168.0,
420,10038937329,34429439845,5,2.47,0.0,0.0,0.0,5,7.5,8.54,0.0,,134.8,170.0,
421,10033804964,34408437676,1,4.14,0.0,0.0,0.0,1,0.0,2.14,0.0,,116.3,145.0,
422,10033804964,34408437678,2,3.57,0.0,0.0,0.0,2,2.15,4.09,0.0,,153.7,165.0,
423,10033804964,34408437680,3,6.4,0.0,0.0,0.0,3,4.1,7.31,0.0,,137.8,159.0,
424,10033804964,34408437681,4,14.37,0.0,0.0,0.0,4,7.32,15.1,0.0,,139.6,175.0,
425,10016212281,34344673672,1,6.5,1.0,8.784,16.0488,1,0.0,1.07,0.0,82.9,128.9,140.0,0.0
426,10016212281,34344673677,2,6.41,1.0,8.964,18.3564,2,1.08,2.36,0.0,84.2,142.2,149.0,0.0
427,10016212281,34344673680,3,6.12,1.0,9.684,12.0528,3,2.37,3.49,0.0,85.5,150.9,157.0,0.0
428,10016212281,34344673684,4,6.32,1.0,9.18,20.8872,4,3.5,5.2,5.8,84.5,146.6,157.0,0.0
429,10016212281,34344673687,5,6.36,1.0,9.107999999999999,18.540000000000003,5,5.21,6.31,0.0,83.9,150.8,159.0,0.0
430,10016212281,34344673689,6,0.07,0.02,11.952,12.2652,6,6.31,6.31,0.0,87.0,160.0,160.0,0.0
431,10006828619,34310982032,1,3.33,0.0,0.0,0.0,1,0.0,2.01,0.0,,135.4,156.0,
432,10006828619,34310982034,2,4.3,0.0,0.0,0.0,2,2.02,4.2,0.0,,127.6,157.0,
433,10006828619,34310982035,3,4.07,0.0,0.0,0.0,3,4.21,6.42,0.0,,132.6,156.0,
434,10006828619,34310982036,4,5.12,0.0,0.0,0.0,4,6.43,9.18,0.0,,145.4,156.0,
435,10006828619,34310982038,5,7.48,0.0,0.0,0.0,5,9.19,13.15,0.0,,138.0,153.0,
436,10006828619,34310982040,6,1.28,0.0,0.0,0.0,6,13.16,14.04,0.0,,114.7,151.0,
437,9995563010,34266672761,1,5.5,1.0,10.296,15.426,1,0.0,1.05,14.8,86.3,145.6,159.0,0.0
438,9995563010,34266672762,2,5.36,1.0,10.728,15.696000000000002,2,1.06,2.21,3.8,85.8,157.2,160.0,0.0
439,9995563010,34266672763,3,5.41,1.0,10.548,15.138,3,2.22,3.35,6.2,85.5,157.6,161.0,0.0
440,9995563010,34266672765,4,5.54,1.0,10.152,16.11,4,3.36,4.55,6.6,84.9,157.4,165.0,0.0
441,9995563010,34266672768,5,6.0,1.0,10.008,14.6268,5,4.56,6.11,9.8,86.3,155.0,159.0,0.0
442,9995563010,34266672770,6,6.03,1.0,9.9,14.0328,6,6.12,7.25,6.0,87.0,156.9,166.0,0.0
443,9995563010,34266672775,7,5.38,1.0,10.656,18.244799999999998,7,7.26,8.4,2.2,87.5,156.3,168.0,0.0
444,9995563010,34266672777,8,5.25,1.0,11.088000000000001,15.688799999999999,8,8.41,9.56,6.2,87.9,163.4,169.0,0.0
445,9995563010,34266672780,9,5.34,1.0,10.764000000000001,16.7472,9,9.57,11.12,3.8,87.8,166.0,173.0,0.0
446,9995563010,34266672782,10,5.55,1.0,10.152,18.856800000000003,10,11.13,12.34,11.2,86.8,165.7,175.0,0.0
447,9995563010,34266672784,11,5.46,1.0,10.404,15.048,11,12.35,13.53,6.8,88.3,162.0,166.0,0.0
448,9995563010,34266672787,12,6.22,1.0,9.432,12.636,12,13.54,15.15,6.2,87.8,157.2,163.0,0.0
449,9995563010,34266672789,13,6.27,1.0,9.288,12.906,13,15.16,16.29,4.0,87.6,156.8,163.0,0.0
450,9995563010,34266672793,14,6.17,1.0,9.54,11.196,14,16.3,17.51,8.0,87.8,158.7,160.0,0.0
451,9995563010,34266672797,15,6.04,1.0,9.9,11.7972,15,17.52,19.08,9.2,87.4,161.5,164.0,0.0
452,9995563010,34266672798,16,5.09,0.95,11.016,13.5648,16,19.09,19.57,8.8,87.8,172.2,179.0,0.0
453,9984187254,34224023799,1,30.33,8.05,15.803999999999998,33.004799999999996,1,0.0,9.49,87.0,,121.1,146.0,
454,9984187254,34224023803,2,19.32,4.62,14.184,37.9512,2,9.5,16.28,63.0,,125.4,151.0,
455,9978422018,34202996708,1,4.46,0.0,0.0,0.0,1,0.0,2.2,0.0,,143.4,170.0,
456,9978422018,34202996711,2,4.16,0.0,0.0,0.0,2,2.21,4.14,0.0,,165.5,178.0,
457,9978422018,34202996713,3,5.33,0.0,0.0,0.0,3,4.15,6.45,0.0,,159.8,173.0,
458,9978422018,34202996714,4,5.48,0.0,0.0,0.0,4,6.46,8.59,0.0,,164.4,174.0,
459,9978422018,34202996717,5,5.49,0.0,0.0,0.0,5,9.0,11.04,0.0,,166.1,174.0,
460,9978422018,34202996721,6,2.14,0.0,0.0,0.0,6,11.05,12.07,0.0,,143.6,167.0,
461,9971958248,34179795372,1,2.37,0.0,0.0,0.0,1,0.0,1.11,0.0,,120.2,132.0,
462,9971958248,34179795378,2,3.51,0.0,0.0,0.0,2,1.12,2.41,0.0,,122.6,138.0,
463,9971958248,34179795381,3,4.36,0.0,0.0,0.0,3,2.42,4.45,0.0,,128.0,144.0,
464,9971958248,34179795386,4,4.36,0.0,0.0,0.0,4,4.46,6.34,0.0,,132.6,148.0,
465,9971958248,34179795391,5,1.02,0.0,0.0,0.0,5,6.35,6.58,0.0,,138.6,145.0,
466,9971957772,34179794063,1,65.3,4.22,3.8520000000000003,11.9376,1,0.0,14.12,84.0,51.9,92.0,139.0,
467,9965043232,34154544340,1,5.18,0.0,0.0,0.0,1,0.0,3.17,0.0,,133.6,153.0,
468,9965043232,34154544343,2,7.12,0.0,0.0,0.0,2,3.18,6.54,0.0,,142.1,157.0,
469,9965043232,34154544345,3,7.22,0.0,0.0,0.0,3,6.55,10.34,0.0,,148.0,162.0,
470,9965043232,34154544346,4,7.48,0.0,0.0,0.0,4,10.35,14.28,0.0,,145.5,160.0,
471,9965043232,34154544348,5,7.35,0.0,0.0,0.0,5,14.29,18.27,0.0,,150.5,168.0,
472,9965043232,34154544350,6,0.26,0.0,0.0,0.0,6,18.28,18.4,0.0,,138.8,141.0,
473,9957999970,34128549290,1,4.31,0.0,0.0,0.0,1,0.0,2.17,0.0,,144.9,166.0,
474,9957999970,34128549293,2,6.09,0.0,0.0,0.0,2,2.18,5.0,0.0,,155.2,169.0,
475,9957999970,34128549298,3,7.26,0.0,0.0,0.0,3,5.01,8.27,0.0,,146.0,163.0,
476,9957999970,34128549300,4,0.21,0.0,0.0,0.0,4,8.28,8.38,0.0,,155.6,158.0,
477,9957998721,34128543043,1,5.37,1.0,10.692,14.0292,1,0.0,0.53,2.2,88.0,140.2,158.0,0.0
478,9957998721,34128543047,2,5.22,1.0,11.196,15.9624,2,0.54,2.24,9.4,86.9,162.0,165.0,0.0
479,9957998721,34128543052,3,5.42,1.0,10.512,14.6988,3,2.25,3.45,10.4,86.0,165.1,173.0,0.0
480,9957998721,34128543057,4,6.01,1.0,9.972,16.362000000000002,4,3.46,5.02,16.2,86.5,167.2,180.0,0.0
481,9957998721,34128543060,5,5.19,1.0,11.268,15.768,5,5.03,6.02,6.0,87.6,173.6,185.0,0.0
482,9957998721,34128543062,6,0.03,0.01,14.904,13.100399999999999,6,6.02,6.02,0.0,87.0,178.0,178.0,0.0
483,9939802653,34059985483,1,6.22,1.0,9.432,11.1672,1,0.0,1.16,7.2,85.9,132.9,153.0,0.0
484,9939802653,34059985485,2,5.55,1.0,10.152,15.613199999999999,2,1.17,2.4,7.6,87.3,156.4,163.0,0.0
485,9939802653,34059985486,3,5.57,1.0,10.08,13.5612,3,2.41,3.56,10.0,85.9,159.7,164.0,0.0
486,9939802653,34059985487,4,5.39,1.0,10.620000000000001,18.950400000000002,4,3.57,5.13,0.0,87.4,161.5,167.0,0.0
487,9939802653,34059985489,5,6.07,1.0,9.792000000000002,14.1768,5,5.14,6.36,10.6,88.4,163.2,166.0,0.0
488,9939802653,34059985490,6,5.12,1.0,11.556000000000001,14.616,6,6.37,7.39,9.2,88.8,170.8,175.0,0.0
489,9933791721,34038152193,1,2.34,0.0,0.0,0.0,1,0.0,1.11,0.0,,138.4,158.0,
490,9933791721,34038152194,2,2.43,0.0,0.0,0.0,2,1.12,2.32,0.0,,147.5,167.0,
491,9933791721,34038152196,3,3.53,0.0,0.0,0.0,3,2.33,4.35,0.0,,141.5,165.0,
492,9933791721,34038152197,4,4.1,0.0,0.0,0.0,4,4.36,6.33,0.0,,152.2,166.0,
493,9933791721,34038152198,5,4.11,0.0,0.0,0.0,5,6.34,8.42,0.0,,150.5,165.0,
494,9933791721,34038152199,6,4.59,0.0,0.0,0.0,6,8.43,10.54,0.0,,152.1,168.0,
495,9933791721,34038152200,7,1.25,0.0,0.0,0.0,7,10.55,11.3,0.0,,161.3,168.0,
496,9927103494,34014173563,1,7.17,1.0,8.244,10.152,1,0.0,1.32,16.4,83.7,137.6,149.0,0.0
497,9927103494,34014173564,2,6.53,1.0,8.712,10.656,2,1.33,2.51,0.0,84.0,139.5,145.0,0.0
498,9927103494,34014173565,3,7.45,1.0,7.74,10.8432,3,2.52,5.1,14.6,83.1,143.8,159.0,0.0
499,9927103494,34014173566,4,7.2,1.0,8.172,12.0708,4,5.11,7.09,10.0,83.4,149.5,160.0,0.0
500,9927103494,34014173568,5,8.21,1.0,7.2,11.7072,5,7.1,9.59,20.2,84.1,156.5,166.0,0.0
501,9927103494,34014173569,6,6.07,0.74,7.2,13.4712,6,10.0,11.07,17.2,83.4,156.5,164.0,0.0
502,9919975714,33988339611,1,2.18,0.0,0.0,0.0,1,0.0,1.26,0.0,,120.4,127.0,
503,9919975714,33988339614,2,3.06,0.0,0.0,0.0,2,1.27,2.55,0.0,,150.7,163.0,
504,9919975714,33988339618,3,3.49,0.0,0.0,0.0,3,2.56,4.43,0.0,,156.2,163.0,
505,9919975714,33988339623,4,3.38,0.0,0.0,0.0,4,4.44,6.21,0.0,,159.9,167.0,
506,9919975714,33988339626,5,5.09,0.0,0.0,0.0,5,6.22,8.52,0.0,,154.1,167.0,
507,9919975714,33988339631,6,6.16,0.0,0.0,0.0,6,8.53,11.51,0.0,,150.9,166.0,
508,9919975714,33988339635,7,0.51,0.0,0.0,0.0,7,11.52,12.28,0.0,,142.2,148.0,
509,9888868702,33871507858,1,61.25,0.0,0.0,0.0,1,0.0,61.25,0.0,,98.9,134.0,
510,9882992587,33849948736,1,7.33,1.0,7.956,12.168,1,0.0,1.06,14.8,82.9,130.5,152.0,0.0
511,9882992587,33849948738,2,8.19,1.0,7.2,12.247200000000001,2,1.07,3.41,12.6,83.6,145.0,154.0,0.0
512,9882992587,33849948739,3,8.08,1.0,7.38,11.8188,3,3.42,6.05,18.8,83.3,149.1,166.0,0.0
513,9882992587,33849948741,4,8.05,1.0,7.416,12.0744,4,6.06,8.21,20.4,84.6,151.3,162.0,0.0
514,9882992587,33849948743,5,6.36,1.0,9.107999999999999,19.6776,5,8.22,9.55,8.0,84.7,150.0,168.0,0.0
515,9882992587,33849948744,6,2.51,0.5,10.548,18.025199999999998,6,9.56,10.08,10.4,87.2,163.3,175.0,0.0
516,9876079067,33824779247,1,3.32,0.0,0.0,0.0,1,0.0,1.5,0.0,,135.5,147.0,
517,9876079067,33824779249,2,3.46,0.0,0.0,0.0,2,1.51,3.3,0.0,,131.2,164.0,
518,9876079067,33824779252,3,4.55,0.0,0.0,0.0,3,3.31,5.32,0.0,,154.0,164.0,
519,9876079067,33824779256,4,5.08,0.0,0.0,0.0,4,5.33,7.45,0.0,,157.6,173.0,
520,9876079067,33824779257,5,6.08,0.0,0.0,0.0,5,7.46,10.4,0.0,,147.9,167.0,
521,9876079067,33824779261,6,6.21,0.0,0.0,0.0,6,10.41,13.35,0.0,,152.9,174.0,
522,9876079067,33824779263,7,2.02,0.0,0.0,0.0,7,13.36,14.29,0.0,,161.7,174.0,
523,9855741829,33746633346,1,5.07,0.0,0.0,0.0,1,0.0,2.24,0.0,,137.5,149.0,
524,9855741829,33746633347,2,5.51,0.0,0.0,0.0,2,2.25,4.33,0.0,,159.7,167.0,
525,9855741829,33746633349,3,6.15,0.0,0.0,0.0,3,4.34,7.02,0.0,,157.2,165.0,
526,9855741829,33746633350,4,6.26,0.0,0.0,0.0,4,7.03,9.3,0.0,,164.8,175.0,
527,9855741829,33746633351,5,7.09,0.0,0.0,0.0,5,9.31,13.14,0.0,,160.4,171.0,
528,9855741829,33746633352,6,13.54,0.0,0.0,0.0,6,13.15,19.22,0.0,,159.1,175.0,
529,9855741829,33746633354,7,0.14,0.0,0.0,0.0,7,19.23,19.31,0.0,,152.2,158.0,
530,9850629317,33728782833,1,5.28,1.0,10.98,14.601600000000001,1,0.0,0.51,0.0,87.9,140.4,158.0,0.0
531,9850629317,33728782837,2,5.36,1.0,10.728,13.406400000000001,2,0.52,2.16,7.6,88.4,158.8,161.0,0.0
532,9850629317,33728782839,3,5.46,1.0,10.404,13.3056,3,2.17,3.39,14.4,87.4,164.2,169.0,0.0
533,9850629317,33728782845,4,5.59,1.0,10.044,13.2408,4,3.4,4.58,9.2,86.5,165.2,170.0,0.0
534,9850629317,33728782847,5,5.31,1.0,10.872,13.374,5,4.59,5.57,5.4,87.5,170.9,176.0,0.0
535,9850629317,33728782850,6,0.02,0.01,21.42,12.117600000000001,6,5.57,5.57,0.0,87.0,174.0,174.0,0.0
536,9840997774,33693855248,1,2.4,0.0,0.0,0.0,1,0.0,1.34,0.0,,131.8,147.0,
537,9840997774,33693855252,2,3.34,0.0,0.0,0.0,2,1.35,3.09,0.0,,152.1,164.0,
538,9840997774,33693855256,3,4.15,0.0,0.0,0.0,3,3.1,5.41,0.0,,131.4,160.0,
539,9840997774,33693855259,4,9.31,0.0,0.0,0.0,4,5.42,10.22,0.0,,152.9,177.0,
540,9827851210,33647241603,1,5.53,1.0,10.188,13.6332,1,0.0,0.53,0.0,85.6,141.7,153.0,0.0
541,9827851210,33647241607,2,6.14,1.0,9.612,13.9464,2,0.54,2.18,9.8,84.9,154.4,162.0,0.0
542,9827851210,33647241611,3,6.15,1.0,9.612,13.842,3,2.19,3.52,10.6,85.6,160.3,175.0,0.0
543,9827851210,33647241614,4,6.05,1.0,9.864,14.4864,4,3.53,5.28,9.6,86.0,154.2,164.0,0.0
544,9827851210,33647241618,5,7.04,1.0,8.496,15.282,5,5.29,7.32,39.4,83.3,164.6,177.0,0.0
545,9827851210,33647241621,6,7.34,1.0,7.920000000000001,16.992,6,7.33,9.29,11.8,82.5,148.1,163.0,0.0
546,9827851210,33647241624,7,6.17,1.0,9.54,12.9708,7,9.3,10.52,2.8,87.6,147.8,151.0,0.0
547,9827851210,33647241629,8,6.31,1.0,9.216000000000001,11.844000000000001,8,10.53,12.04,3.8,87.5,140.7,152.0,0.0
548,9822904571,33630245417,1,44.09,0.0,0.0,0.0,1,0.0,18.12,0.0,,155.3,184.0,
549,9816834848,33604909758,1,7.08,0.0,0.0,0.0,1,0.0,2.57,0.0,,143.8,173.0,
550,9816834848,33604909760,2,4.47,0.0,0.0,0.0,2,2.58,4.26,0.0,,166.8,177.0,
551,9816834848,33604909764,3,6.36,0.0,0.0,0.0,3,4.27,7.06,0.0,,163.6,175.0,
552,9816834848,33604909765,4,2.0,0.0,0.0,0.0,4,7.07,7.54,0.0,,143.4,172.0,
553,9811288116,33582400235,1,42.13,2.55,3.636,6.4764,1,0.0,7.0,34.6,50.4,87.0,111.0,
554,9801556587,33548388647,1,11.39,0.0,0.0,0.0,1,0.0,5.1,0.0,,148.4,187.0,
555,9801556587,33548388650,2,4.06,0.0,0.0,0.0,2,5.11,7.04,0.0,,154.8,175.0,
556,9801556587,33548388651,3,6.07,0.0,0.0,0.0,3,7.05,9.57,0.0,,143.8,159.0,
557,9801556587,33548388652,4,4.34,0.0,0.0,0.0,4,9.58,12.06,0.0,,143.3,155.0,
558,9801556587,33548388654,5,4.36,0.0,0.0,0.0,5,12.07,14.16,0.0,,145.9,156.0,
559,9801556587,33548388655,6,0.02,0.0,0.0,0.0,6,14.17,14.18,0.0,,148.0,148.0,
560,9795479023,33526673732,1,4.27,0.0,0.0,0.0,1,0.0,2.32,0.0,,122.9,144.0,
561,9795479023,33526673734,2,5.52,0.0,0.0,0.0,2,2.33,5.34,0.0,,132.2,150.0,
562,9795479023,33526673737,3,6.17,0.0,0.0,0.0,3,5.35,8.32,0.0,,133.8,145.0,
563,9795479023,33526673738,4,7.28,0.0,0.0,0.0,4,8.33,11.53,0.0,,143.3,161.0,
564,9795479023,33526673739,5,0.27,0.0,0.0,0.0,5,11.54,12.08,0.0,,149.7,156.0,
565,9788322994,33500953243,1,5.21,1.0,11.232000000000001,16.099200000000003,1,0.0,0.56,2.4,86.5,149.7,169.0,0.0
566,9788322994,33500953246,2,5.53,1.0,10.188,14.688,2,0.57,2.41,15.2,85.6,170.1,177.0,0.0
567,9788322994,33500953249,3,6.21,1.0,9.432,12.4416,3,2.42,4.24,18.2,85.5,171.4,176.0,0.0
568,9788322994,33500953250,4,6.57,1.0,8.64,15.436800000000002,4,4.25,6.27,23.2,79.5,173.0,185.0,0.0
569,9788322994,33500953251,5,5.42,1.0,10.512,16.1064,5,6.28,7.55,14.6,86.1,172.5,185.0,0.0
570,9788322994,33500953254,6,0.11,0.02,7.5600000000000005,8.7696,6,7.55,7.55,0.0,73.7,175.3,176.0,0.0
571,9784117073,33486220712,1,4.0,0.0,0.0,0.0,1,0.0,1.48,0.0,,134.4,154.0,
572,9784117073,33486220714,2,4.35,0.0,0.0,0.0,2,1.49,3.48,0.0,,144.4,154.0,
573,9784117073,33486220717,3,4.23,0.0,0.0,0.0,3,3.49,5.23,0.0,,158.5,172.0,
574,9784117073,33486220720,4,7.22,0.0,0.0,0.0,4,5.24,8.29,0.0,,151.2,167.0,
575,9784117073,33486220722,5,0.45,0.0,0.0,0.0,5,8.3,8.58,0.0,,136.0,151.0,
576,9777333053,33463348222,1,7.1,1.0,8.388,10.724400000000001,1,0.0,1.16,8.2,83.5,146.8,160.0,0.0
577,9777333053,33463348226,2,7.03,1.0,8.496,13.1256,2,1.17,2.44,7.8,84.4,153.8,160.0,0.0
578,9777333053,33463348228,3,7.31,1.0,7.992000000000001,10.3068,3,2.45,4.17,9.2,84.4,151.6,167.0,0.0
579,9777333053,33463348230,4,8.23,1.0,7.164,10.1304,4,4.18,5.52,2.2,74.1,144.0,162.0,0.0
580,9777333053,33463348233,5,9.24,1.0,6.372,10.580400000000001,5,5.53,7.4,10.4,73.2,148.4,161.0,0.0
581,9777333053,33463348234,6,10.03,1.0,5.976,9.806400000000002,6,7.41,9.41,8.2,63.8,130.7,155.0,0.0
582,9777333053,33463348238,7,1.4,0.23,8.316,8.7984,7,9.42,9.47,0.0,87.5,154.0,157.0,0.0
583,9764229125,33410559751,1,3.26,0.0,0.0,0.0,1,0.0,1.41,0.0,,135.0,157.0,
584,9764229125,33410559753,2,4.12,0.0,0.0,0.0,2,1.42,3.29,0.0,,153.7,169.0,
585,9764229125,33410559756,3,5.15,0.0,0.0,0.0,3,3.3,6.07,0.0,,155.6,178.0,
586,9764229125,33410559758,4,8.08,0.0,0.0,0.0,4,6.08,9.49,0.0,,154.4,171.0,
587,9764229125,33410559759,5,1.53,0.0,0.0,0.0,5,9.5,10.39,0.0,,131.4,161.0,
588,9744164009,33337649258,1,1.4,0.0,0.0,0.0,1,0.0,1.13,0.0,,103.7,113.0,
589,9744164009,33337649261,2,3.0,0.0,0.0,0.0,2,1.14,2.44,0.0,,116.3,131.0,
590,9744164009,33337649263,3,3.04,0.0,0.0,0.0,3,2.45,4.16,0.0,,125.0,147.0,
591,9744164009,33337649266,4,3.04,0.0,0.0,0.0,4,4.17,5.56,0.0,,133.6,151.0,
592,9744164009,33337649269,5,0.08,0.0,0.0,0.0,5,5.57,6.01,0.0,,128.3,130.0,
593,9732845417,33298159557,1,7.04,1.0,8.496,10.836,1,0.0,1.11,4.0,85.8,147.1,161.0,0.0
594,9732845417,33298159561,2,6.42,1.0,8.964,11.879999999999999,2,1.12,2.33,0.0,85.7,156.0,167.0,0.0
595,9732845417,33298159563,3,6.41,1.0,8.964,14.886,3,2.34,4.03,6.2,86.0,162.7,174.0,0.0
596,9732845417,33298159567,4,6.48,1.0,8.82,17.4492,4,4.04,5.47,3.0,85.8,159.7,173.0,0.0
597,9732845417,33298159570,5,6.32,1.0,9.18,24.483600000000003,5,5.48,7.29,0.0,85.6,161.8,170.0,0.0
598,9732845417,33298159574,6,6.49,1.0,8.784,15.400799999999998,6,7.3,8.51,0.0,85.0,163.3,173.0,0.0
599,9732845417,33298159578,7,6.38,1.0,9.036,14.104800000000001,7,8.52,10.19,0.0,85.3,170.5,179.0,0.0
600,9732845417,33298159581,8,6.44,1.0,8.928,15.8256,8,10.2,11.45,0.0,86.0,165.7,180.0,0.0
601,9732845417,33298159584,9,6.58,1.0,8.604000000000001,11.217600000000001,9,11.46,13.14,3.0,85.6,158.5,166.0,0.0
602,9732845417,33298159587,10,6.57,1.0,8.64,11.6532,10,13.15,14.41,0.0,85.7,161.0,168.0,0.0
603,9732845417,33298159589,11,7.04,1.0,8.496,11.372399999999999,11,14.42,16.09,6.8,86.0,157.3,170.0,0.0
604,9732845417,33298159591,12,6.41,1.0,8.964,13.3848,12,16.1,17.38,0.0,85.4,164.0,173.0,0.0
605,9732845417,33298159594,13,7.05,1.0,8.46,10.868400000000001,13,17.39,19.03,2.4,86.0,162.1,175.0,0.0
606,9732845417,33298159597,14,6.44,1.0,8.928,11.879999999999999,14,19.04,20.28,2.4,86.0,161.4,171.0,0.0
607,9732845417,33298159600,15,7.01,1.0,8.568,11.645999999999999,15,20.29,21.58,4.0,85.8,163.3,173.0,0.0
608,9732845417,33298159603,16,7.0,1.0,8.568,11.9412,16,21.59,23.29,5.8,85.4,162.0,174.0,0.0
609,9732845417,33298159606,17,7.35,1.0,7.920000000000001,10.1916,17,23.3,25.04,3.2,85.3,161.9,174.0,0.0
610,9732845417,33298159608,18,7.38,1.0,7.848000000000001,10.6992,18,25.05,26.21,4.4,85.6,156.6,163.0,0.0
611,9732845417,33298159611,19,7.03,1.0,8.496,10.4544,19,26.22,27.55,8.8,86.1,157.0,167.0,0.0
612,9732845417,33298159614,20,7.27,1.0,8.064000000000002,10.7136,20,27.56,29.34,5.6,85.1,163.8,177.0,0.0
613,9732845417,33298159617,21,7.45,1.0,7.74,10.026000000000002,21,29.35,30.5,4.2,85.2,161.1,172.0,0.0
614,9732845417,33298159619,22,7.24,1.0,8.1,12.3948,22,30.51,32.22,8.0,85.0,161.6,172.0,0.0
615,9732845417,33298159625,23,6.54,1.0,8.712,13.6728,23,32.23,33.57,0.0,85.3,161.2,168.0,0.0
616,9732845417,33298159632,24,8.02,1.0,7.452,10.3644,24,33.58,35.26,0.0,82.6,161.1,174.0,0.0
617,9732845417,33298159637,25,8.03,1.0,7.452,10.7352,25,35.27,37.16,7.2,84.2,161.3,172.0,0.0
618,9732845417,33298159639,26,8.05,1.0,7.416,12.0168,26,37.17,38.58,8.4,85.5,154.7,174.0,0.0
619,9732845417,33298159642,27,7.42,1.0,7.776000000000001,13.7484,27,38.59,40.5,6.4,86.4,160.0,171.0,0.0
620,9732845417,33298159645,28,8.0,1.0,7.488,15.004800000000001,28,40.51,42.52,3.6,84.0,164.1,173.0,0.0
621,9732845417,33298159656,29,7.59,1.0,7.524,12.1608,29,42.53,44.47,0.0,84.8,154.2,167.0,0.0
622,9732845417,33298159661,30,9.26,1.0,6.372,10.188,30,44.48,46.51,10.4,72.6,153.5,178.0,0.0
623,9732845417,33298159664,31,8.22,1.0,7.164,9.2808,31,46.52,48.27,2.2,83.4,147.4,160.0,0.0
624,9732845417,33298159673,32,8.52,1.0,6.768,11.829600000000001,32,48.28,50.4,5.4,75.3,142.9,158.0,0.0
625,9732845417,33298159678,33,8.49,1.0,6.803999999999999,12.8664,33,50.41,53.34,11.0,79.6,152.6,168.0,0.0
626,9732845417,33298159682,34,8.09,1.0,7.344,11.217600000000001,34,53.35,55.32,3.6,85.5,159.3,173.0,0.0
627,9732845417,33298159685,35,7.56,1.0,7.5600000000000005,16.0452,35,55.33,57.32,2.4,86.1,161.3,176.0,0.0
628,9732845417,33298159689,36,8.26,1.0,7.128,14.644799999999998,36,57.33,59.34,0.0,84.5,155.7,163.0,0.0
629,9732845417,33298159692,37,7.49,1.0,7.668,17.8488,37,59.35,61.31,3.4,85.0,159.1,167.0,0.0
630,9732845417,33298159694,38,8.18,1.0,7.236,22.809600000000003,38,61.32,63.47,3.0,86.2,160.0,179.0,0.0
631,9732845417,33298159698,39,7.27,1.0,8.064000000000002,13.482000000000001,39,63.48,65.38,0.0,86.3,162.9,182.0,0.0
632,9732845417,33298159700,40,8.06,1.0,7.416,10.44,40,65.39,67.29,3.2,86.8,149.6,156.0,0.0
633,9732845417,33298159704,41,9.01,1.0,6.66,12.4164,41,67.3,70.01,4.4,85.1,142.2,155.0,0.0
634,9732845417,33298159709,42,8.09,1.0,7.344,11.520000000000001,42,70.02,72.05,2.4,84.4,149.3,158.0,0.0
635,9732845417,33298159713,43,7.24,0.78,6.3,11.7792,43,72.06,73.38,4.0,82.3,147.0,163.0,0.0
636,9707039692,33199690679,1,7.43,1.0,7.776000000000001,12.9816,1,0.0,1.49,2.0,85.0,138.4,150.0,0.0
637,9707039692,33199690685,2,8.28,1.0,7.092,14.6952,2,1.5,4.0,5.2,85.5,142.3,153.0,0.0
638,9707039692,33199690688,3,8.19,1.0,7.2,14.3424,3,4.01,6.22,3.2,86.1,137.6,154.0,0.0
639,9707039692,33199690693,4,6.46,1.0,8.856,16.776,4,6.23,8.06,5.0,87.0,142.6,157.0,0.0
640,9707039692,33199690695,5,6.58,1.0,8.604000000000001,17.6076,5,8.07,9.27,3.0,88.6,149.2,161.0,0.0
641,9698330316,33168591386,1,10.03,0.0,0.0,0.0,1,0.0,4.2,0.0,,152.0,174.0,
642,9698330316,33168591388,2,6.14,0.0,0.0,0.0,2,4.21,7.09,0.0,,143.5,172.0,
643,9698330316,33168591391,3,3.32,0.0,0.0,0.0,3,7.1,8.35,0.0,,154.3,168.0,
644,9698330316,33168591392,4,3.51,0.0,0.0,0.0,4,8.36,10.35,0.0,,163.4,182.0,
645,9698330316,33168591398,5,11.59,0.0,0.0,0.0,5,10.36,15.41,0.0,,147.7,165.0,
646,9698330316,33168591399,6,3.57,0.0,0.0,0.0,6,15.42,17.18,0.0,,152.9,165.0,
647,9698330316,33168591401,7,4.51,0.0,0.0,0.0,7,17.19,19.17,0.0,,152.6,166.0,
648,9698330316,33168591403,8,10.35,0.0,0.0,0.0,8,19.18,23.41,0.0,,140.6,159.0,
649,9698330316,33168591407,9,6.02,0.0,0.0,0.0,9,23.42,26.23,0.0,,120.5,148.0,
650,9692608320,33148512758,1,2.51,0.0,0.0,0.0,1,0.0,1.36,0.0,,128.0,162.0,
651,9692608320,33148512759,2,3.5,0.0,0.0,0.0,2,1.37,3.24,0.0,,146.0,158.0,
652,9692608320,33148512762,3,6.05,0.0,0.0,0.0,3,3.25,6.33,0.0,,133.8,156.0,
653,9692608320,33148512766,4,0.49,0.0,0.0,0.0,4,6.34,7.06,0.0,,143.2,157.0,
654,9671956681,33070835080,1,7.1,0.0,0.0,0.0,1,0.0,2.53,0.0,,129.4,144.0,
655,9671956681,33070835084,2,5.11,0.0,0.0,0.0,2,2.54,5.28,0.0,,137.3,154.0,
656,9671956681,33070835088,3,5.27,0.0,0.0,0.0,3,5.29,8.04,0.0,,142.1,157.0,
657,9671956681,33070835093,4,6.26,0.0,0.0,0.0,4,8.05,11.08,0.0,,143.1,160.0,
658,9671956681,33070835096,5,0.45,0.0,0.0,0.0,5,11.09,11.33,0.0,,133.2,140.0,
659,9665473596,33047616162,1,5.0,0.0,0.0,0.0,1,0.0,2.41,0.0,,136.8,154.0,
660,9665473596,33047616164,2,6.1,0.0,0.0,0.0,2,2.42,5.4,0.0,,138.8,156.0,
661,9665473596,33047616168,3,7.44,0.0,0.0,0.0,3,5.41,9.26,0.0,,142.2,160.0,
662,9665473596,33047616173,4,9.31,0.0,0.0,0.0,4,9.27,14.28,0.0,,142.0,166.0,
663,9665473596,33047616175,5,0.11,0.0,0.0,0.0,5,14.29,14.31,0.0,,130.7,132.0,
664,9659097091,33024875342,1,6.17,0.0,0.0,0.0,1,0.0,3.14,0.0,,127.3,151.0,
665,9659097091,33024875346,2,6.13,0.0,0.0,0.0,2,3.15,6.1,0.0,,138.9,153.0,
666,9659097091,33024875349,3,7.15,0.0,0.0,0.0,3,6.11,9.37,0.0,,142.8,161.0,
667,9659097091,33024875354,4,8.22,0.0,0.0,0.0,4,9.38,13.25,0.0,,137.7,157.0,
668,9659097091,33024875360,5,1.17,0.0,0.0,0.0,5,13.26,14.14,0.0,,130.6,153.0,
669,9651688339,32998068034,1,6.52,0.0,0.0,0.0,1,0.0,3.14,0.0,,121.8,144.0,
670,9651688339,32998068039,2,4.47,0.0,0.0,0.0,2,3.15,5.34,0.0,,118.0,148.0,
671,9651688339,32998068045,3,5.02,0.0,0.0,0.0,3,5.35,8.27,0.0,,129.3,147.0,
672,9651688339,32998068051,4,3.08,0.0,0.0,0.0,4,8.28,9.59,0.0,,128.5,138.0,
673,9651688339,32998068055,5,0.17,0.0,0.0,0.0,5,10.0,10.08,0.0,,132.7,136.0,
674,9645392881,32975533044,1,6.17,1.0,9.54,21.96,1,0.0,1.01,3.8,87.4,130.9,138.0,0.0
675,9645392881,32975533046,2,6.0,1.0,10.008,13.9788,2,1.02,2.15,3.0,85.7,151.1,160.0,0.0
676,9645392881,32975533049,3,5.18,1.0,11.304,13.1688,3,2.16,3.24,2.4,86.2,164.5,171.0,0.0
677,9645392881,32975533055,4,6.17,1.0,9.54,12.042000000000002,4,3.25,4.39,0.0,86.4,157.9,173.0,0.0
678,9645392881,32975533058,5,6.37,1.0,9.072000000000001,10.5696,5,4.4,5.51,2.8,86.7,154.0,158.0,0.0
679,9645392881,32975533061,6,6.4,1.0,9.0,11.505600000000001,6,5.52,7.03,7.6,86.5,155.0,161.0,0.0
680,9645392881,32975533066,7,6.49,1.0,8.784,11.9772,7,7.04,8.21,9.4,85.5,154.4,164.0,0.0
681,9645392881,32975533067,8,6.32,1.0,9.18,11.9052,8,8.22,9.28,0.0,86.2,153.0,159.0,0.0
682,9645392881,32975533070,9,6.27,1.0,9.288,14.8788,9,9.29,10.4,2.8,86.1,156.9,164.0,0.0
683,9645392881,32975533073,10,5.32,1.0,10.836,16.0488,10,10.41,11.51,8.8,87.9,167.8,178.0,0.0
684,9645392881,32975533076,11,5.53,1.0,10.188,20.1312,11,11.52,13.08,6.8,87.5,163.9,184.0,0.0
685,9645392881,32975533079,12,7.06,1.0,8.46,10.944,12,13.09,14.3,6.0,85.9,154.7,164.0,0.0
686,9645392881,32975533083,13,7.16,1.0,8.244,10.753200000000001,13,14.31,15.36,0.0,85.5,154.8,158.0,0.0
687,9645392881,32975533089,14,7.33,1.0,7.956,9.7308,14,15.37,16.47,7.4,85.2,155.7,161.0,0.0
688,9645392881,32975533093,15,7.08,1.0,8.424,10.8036,15,16.48,17.59,5.6,85.6,157.5,162.0,0.0
689,9645392881,32975533103,16,7.47,1.0,7.704000000000001,10.814400000000001,16,18.0,19.01,12.0,84.4,154.7,160.0,0.0
690,9625731999,32900691838,1,7.24,0.0,0.0,0.0,1,0.0,3.2,0.0,,127.3,148.0,
691,9625731999,32900691843,2,5.35,0.0,0.0,0.0,2,3.21,5.44,0.0,,129.3,144.0,
692,9625731999,32900691850,3,6.29,0.0,0.0,0.0,3,5.45,8.52,0.0,,126.2,142.0,
693,9625731999,32900691856,4,5.51,0.0,0.0,0.0,4,8.53,11.29,0.0,,134.6,158.0,
694,9625731999,32900691860,5,0.39,0.0,0.0,0.0,5,11.3,11.5,0.0,,146.3,151.0,
695,9619226019,32877246999,1,10.05,0.0,0.0,0.0,1,0.0,4.34,0.0,,129.2,160.0,
696,9619226019,32877247002,2,5.45,0.0,0.0,0.0,2,4.35,6.42,0.0,,164.2,186.0,
697,9619226019,32877247006,3,6.1,0.0,0.0,0.0,3,6.43,9.08,0.0,,158.9,167.0,
698,9619226019,32877247009,4,6.48,0.0,0.0,0.0,4,9.09,11.34,0.0,,163.5,173.0,
699,9619226019,32877247012,5,0.48,0.0,0.0,0.0,5,11.35,11.53,0.0,,158.0,166.0,
700,9612501945,32853023213,1,7.16,0.0,0.0,0.0,1,0.0,4.04,0.0,,129.3,147.0,
701,9612501945,32853023219,2,5.0,0.0,0.0,0.0,2,4.05,7.2,0.0,,142.9,161.0,
702,9612501945,32853023223,3,5.51,0.0,0.0,0.0,3,7.21,10.45,0.0,,146.8,171.0,
703,9612501945,32853023229,4,6.43,0.0,0.0,0.0,4,10.46,14.16,0.0,,147.2,158.0,
704,9612501945,32853023231,5,1.07,0.0,0.0,0.0,5,14.17,15.0,0.0,,136.7,145.0,
705,9605637875,32827810238,1,7.31,0.0,0.0,0.0,1,0.0,3.02,0.0,,137.4,159.0,
706,9605637875,32827810241,2,5.27,0.0,0.0,0.0,2,3.03,5.22,0.0,,149.4,162.0,
707,9605637875,32827810249,3,5.53,0.0,0.0,0.0,3,5.23,7.41,0.0,,154.7,166.0,
708,9605637875,32827810258,4,6.32,0.0,0.0,0.0,4,7.42,10.21,0.0,,154.0,166.0,
709,9605637875,32827810263,5,0.4,0.0,0.0,0.0,5,10.22,10.34,0.0,,148.3,154.0,
710,9599909621,32807613871,1,5.49,1.0,10.332,14.680800000000001,1,0.0,0.59,7.4,86.7,150.4,166.0,0.0
711,9599909621,32807613875,2,5.2,1.0,11.268,17.7912,2,1.0,2.17,6.6,87.1,169.3,175.0,0.0
712,9599909621,32807613878,3,5.33,1.0,10.8,16.416,3,2.18,3.45,7.6,88.2,171.0,177.0,0.0
713,9599909621,32807613879,4,5.18,1.0,11.304,16.0812,4,3.46,4.55,0.0,87.9,173.6,179.0,0.0
714,9599909621,32807613881,5,6.12,0.94,9.107999999999999,14.4072,5,4.56,5.51,7.6,83.3,172.0,183.0,0.0
715,9581640121,32738334512,1,6.0,1.0,10.008,14.1912,1,0.0,1.01,2.0,86.6,157.0,170.0,0.0
716,9581640121,32738334515,2,6.21,1.0,9.432,10.9116,2,1.02,2.14,0.0,84.3,167.9,173.0,0.0
717,9581640121,32738334517,3,6.16,1.0,9.576,13.5072,3,2.15,3.26,0.0,85.0,171.7,183.0,0.0
718,9581640121,32738334521,4,6.4,1.0,9.0,10.854000000000001,4,3.27,4.42,2.0,85.5,171.3,176.0,0.0
719,9581640121,32738334524,5,6.57,1.0,8.64,11.4624,5,4.43,5.59,2.0,85.2,170.9,179.0,0.0
720,9581640121,32738334527,6,6.27,1.0,9.288,11.232000000000001,6,6.0,7.08,2.6,84.6,175.5,178.0,0.0
721,9581640121,32738334528,7,6.49,1.0,8.784,11.4768,7,7.09,8.14,0.0,85.2,174.4,180.0,0.0
722,9581640121,32738334530,8,7.3,1.0,7.992000000000001,9.954,8,8.15,8.48,2.4,85.0,174.8,179.0,0.0
723,9581640121,32738334531,9,0.08,0.02,6.768,8.344800000000001,9,8.48,8.48,0.0,83.0,171.2,172.0,0.0
724,9574662561,32713233243,1,6.0,0.0,0.0,0.0,1,0.0,3.2,0.0,,126.7,159.0,
725,9574662561,32713233246,2,3.43,0.0,0.0,0.0,2,3.21,5.02,0.0,,160.8,175.0,
726,9574662561,32713233248,3,4.51,0.0,0.0,0.0,3,5.03,7.25,0.0,,155.3,167.0,
727,9574662561,32713233251,4,5.38,0.0,0.0,0.0,4,7.26,10.04,0.0,,154.0,172.0,
728,9574662561,32713233253,5,9.49,0.0,0.0,0.0,5,10.05,13.58,0.0,,103.2,156.0,
729,9568125034,32689513625,1,1.13,0.0,0.0,0.0,1,0.0,0.55,0.0,,107.9,134.0,
730,9568125034,32689513629,2,3.57,0.0,0.0,0.0,2,0.56,2.44,0.0,,163.8,176.0,
731,9568125034,32689513631,3,3.2,0.0,0.0,0.0,3,2.45,4.06,0.0,,165.3,175.0,
732,9568125034,32689513636,4,4.54,0.0,0.0,0.0,4,4.07,6.21,0.0,,163.0,175.0,
733,9568125034,32689513639,5,1.33,0.0,0.0,0.0,5,6.22,7.07,0.0,,152.6,163.0,
734,9516715905,32499755053,1,0.3,0.0,0.0,0.0,1,0.0,0.3,0.0,,69.2,75.0,
735,9516715905,32499755054,2,0.03,0.0,0.0,0.0,2,0.31,0.33,0.0,,76.0,76.0,
736,9516715905,32499755055,3,0.03,0.0,0.0,0.0,3,0.34,0.36,0.0,,75.0,76.0,
737,9516715905,32499755056,4,0.03,0.0,0.0,0.0,4,0.37,0.39,0.0,,74.5,75.0,
738,9516715905,32499755057,5,0.03,0.0,0.0,0.0,5,0.4,0.42,0.0,,74.0,74.0,
739,9516715905,32499755059,6,0.03,0.0,0.0,0.0,6,0.43,0.45,0.0,,72.0,73.0,
740,9516715905,32499755060,7,0.03,0.0,0.0,0.0,7,0.46,0.48,0.0,,71.0,71.0,
741,9516715905,32499755061,8,0.03,0.0,0.0,0.0,8,0.49,0.51,0.0,,72.0,72.0,
742,9516715905,32499755062,9,0.03,0.0,0.0,0.0,9,0.52,0.54,0.0,,72.0,72.0,
743,9516715905,32499755063,10,0.03,0.0,0.0,0.0,10,0.55,0.57,0.0,,72.0,72.0,
744,9516715905,32499755064,11,0.03,0.0,0.0,0.0,11,0.58,1.0,0.0,,72.0,72.0,
745,9516715905,32499755065,12,0.03,0.0,0.0,0.0,12,1.01,1.03,0.0,,72.0,72.0,
746,9516715905,32499755066,13,0.03,0.0,0.0,0.0,13,1.04,1.06,0.0,,72.0,72.0,
747,9516715905,32499755067,14,0.03,0.0,0.0,0.0,14,1.07,1.09,0.0,,72.0,72.0,
748,9516715905,32499755068,15,0.03,0.0,0.0,0.0,15,1.1,1.12,0.0,,72.0,72.0,
749,9516715905,32499755069,16,0.03,0.0,0.0,0.0,16,1.13,1.15,0.0,,74.0,75.0,
750,9516715905,32499755070,17,0.03,0.0,0.0,0.0,17,1.16,1.18,0.0,,71.0,72.0,
751,9516715905,32499755071,18,0.03,0.0,0.0,0.0,18,1.19,1.21,0.0,,70.0,70.0,
752,9516715905,32499755072,19,0.03,0.0,0.0,0.0,19,1.22,1.24,0.0,,70.0,70.0,
753,9516715905,32499755073,20,0.03,0.0,0.0,0.0,20,1.25,1.27,0.0,,71.0,71.0,
754,9516715905,32499755074,21,0.03,0.0,0.0,0.0,21,1.28,1.3,0.0,,71.0,72.0,
755,9516715905,32499755076,22,0.03,0.0,0.0,0.0,22,1.31,1.33,0.0,,68.0,70.0,
756,9516715905,32499755077,23,0.03,0.0,0.0,0.0,23,1.34,1.36,0.0,,63.5,66.0,
757,9516715905,32499755078,24,0.03,0.0,0.0,0.0,24,1.37,1.39,0.0,,63.5,64.0,
758,9516715905,32499755079,25,0.03,0.0,0.0,0.0,25,1.4,1.42,0.0,,64.0,64.0,
759,9516715905,32499755080,26,0.03,0.0,0.0,0.0,26,1.43,1.45,0.0,,64.0,64.0,
760,9516715905,32499755081,27,0.03,0.0,0.0,0.0,27,1.46,1.48,0.0,,66.5,67.0,
761,9516715905,32499755083,28,0.03,0.0,0.0,0.0,28,1.49,1.51,0.0,,71.0,72.0,
762,9516715905,32499755085,29,0.03,0.0,0.0,0.0,29,1.52,1.54,0.0,,71.5,72.0,
763,9516715905,32499755087,30,0.03,0.0,0.0,0.0,30,1.55,1.57,0.0,,68.5,71.0,
764,9516715905,32499755088,31,0.03,0.0,0.0,0.0,31,1.58,2.0,0.0,,67.0,68.0,
765,9516715905,32499755089,32,0.03,0.0,0.0,0.0,32,2.01,2.03,0.0,,68.0,68.0,
766,9516715905,32499755091,33,0.03,0.0,0.0,0.0,33,2.04,2.06,0.0,,69.5,70.0,
767,9516715905,32499755092,34,0.03,0.0,0.0,0.0,34,2.07,2.09,0.0,,70.0,70.0,
768,9516715905,32499755094,35,0.03,0.0,0.0,0.0,35,2.1,2.12,0.0,,71.0,71.0,
769,9516715905,32499755095,36,0.03,0.0,0.0,0.0,36,2.13,2.15,0.0,,69.5,71.0,
770,9516715905,32499755096,37,0.03,0.0,0.0,0.0,37,2.16,2.18,0.0,,70.5,71.0,
771,9516715905,32499755097,38,0.03,0.0,0.0,0.0,38,2.19,2.21,0.0,,72.0,72.0,
772,9516715905,32499755099,39,0.03,0.0,0.0,0.0,39,2.22,2.24,0.0,,72.5,73.0,
773,9516715905,32499755100,40,0.03,0.0,0.0,0.0,40,2.25,2.27,0.0,,70.5,72.0,
774,9516715905,32499755101,41,0.03,0.0,0.0,0.0,41,2.28,2.3,0.0,,70.5,71.0,
775,9516715905,32499755102,42,0.03,0.0,0.0,0.0,42,2.31,2.33,0.0,,73.5,74.0,
776,9516715905,32499755104,43,0.03,0.0,0.0,0.0,43,2.34,2.36,0.0,,75.5,76.0,
777,9516715905,32499755107,44,0.03,0.0,0.0,0.0,44,2.37,2.39,0.0,,73.5,75.0,
778,9516715905,32499755109,45,0.03,0.0,0.0,0.0,45,2.4,2.42,0.0,,71.0,71.0,
779,9516715905,32499755111,46,0.03,0.0,0.0,0.0,46,2.43,2.45,0.0,,73.5,74.0,
780,9516715905,32499755113,47,0.03,0.0,0.0,0.0,47,2.46,2.48,0.0,,74.5,75.0,
781,9516715905,32499755116,48,0.03,0.0,0.0,0.0,48,2.49,2.51,0.0,,73.0,74.0,
782,9516715905,32499755117,49,0.03,0.0,0.0,0.0,49,2.52,2.54,0.0,,72.5,73.0,
783,9516715905,32499755119,50,0.03,0.0,0.0,0.0,50,2.55,2.57,0.0,,72.0,72.0,
784,9516715905,32499755121,51,0.03,0.0,0.0,0.0,51,2.58,3.0,0.0,,72.0,72.0,
785,9516715905,32499755123,52,0.03,0.0,0.0,0.0,52,3.01,3.03,0.0,,73.0,73.0,
786,9516715905,32499755124,53,0.03,0.0,0.0,0.0,53,3.04,3.06,0.0,,74.0,74.0,
787,9516715905,32499755125,54,0.03,0.0,0.0,0.0,54,3.07,3.09,0.0,,75.0,75.0,
788,9516715905,32499755127,55,0.03,0.0,0.0,0.0,55,3.1,3.12,0.0,,75.5,76.0,
789,9516715905,32499755128,56,0.03,0.0,0.0,0.0,56,3.13,3.15,0.0,,74.0,75.0,
790,9516715905,32499755130,57,0.03,0.0,0.0,0.0,57,3.16,3.18,0.0,,73.0,74.0,
791,9516715905,32499755133,58,0.03,0.0,0.0,0.0,58,3.19,3.21,0.0,,72.0,73.0,
792,9516715905,32499755134,59,0.03,0.0,0.0,0.0,59,3.22,3.24,0.0,,71.5,72.0,
793,9516715905,32499755137,60,0.03,0.0,0.0,0.0,60,3.25,3.27,0.0,,71.5,72.0,
794,9516715905,32499755138,61,0.03,0.0,0.0,0.0,61,3.28,3.3,0.0,,72.0,72.0,
795,9516715905,32499755141,62,0.03,0.0,0.0,0.0,62,3.31,3.33,0.0,,71.0,71.0,
796,9516715905,32499755142,63,0.03,0.0,0.0,0.0,63,3.34,3.36,0.0,,71.0,71.0,
797,9516715905,32499755143,64,0.03,0.0,0.0,0.0,64,3.37,3.39,0.0,,74.0,75.0,
798,9516715905,32499755145,65,0.03,0.0,0.0,0.0,65,3.4,3.42,0.0,,73.5,75.0,
799,9516715905,32499755146,66,0.03,0.0,0.0,0.0,66,3.43,3.45,0.0,,73.0,73.0,
800,9516715905,32499755149,67,0.03,0.0,0.0,0.0,67,3.46,3.48,0.0,,73.0,73.0,
801,9516715905,32499755150,68,0.03,0.0,0.0,0.0,68,3.49,3.51,0.0,,74.5,75.0,
802,9516715905,32499755152,69,0.03,0.0,0.0,0.0,69,3.52,3.54,0.0,,74.0,75.0,
803,9516715905,32499755153,70,0.03,0.0,0.0,0.0,70,3.55,3.57,0.0,,74.0,74.0,
804,9516715905,32499755155,71,0.03,0.0,0.0,0.0,71,3.58,4.0,0.0,,74.0,74.0,
805,9516715905,32499755156,72,0.01,0.0,0.0,0.0,72,4.01,4.02,0.0,,74.0,74.0,
806,9487083410,32390825174,1,3.05,0.0,0.0,0.0,1,0.0,1.44,0.0,,128.8,146.0,
807,9487083410,32390825178,2,3.58,0.0,0.0,0.0,2,1.45,3.48,0.0,,129.5,141.0,
808,9487083410,32390825185,3,4.37,0.0,0.0,0.0,3,3.49,6.18,0.0,,126.4,139.0,
809,9487083410,32390825188,4,7.14,0.0,0.0,0.0,4,6.19,10.08,0.0,,132.5,155.0,
810,9487083410,32390825191,5,1.05,0.0,0.0,0.0,5,10.09,10.44,0.0,,123.0,137.0,
811,9484847960,32382642146,1,3.21,0.0,0.0,0.0,1,0.0,2.12,0.0,,113.1,132.0,
812,9484847960,32382642148,2,3.15,0.0,0.0,0.0,2,2.13,3.5,0.0,,139.4,158.0,
813,9484847960,32382642149,3,4.17,0.0,0.0,0.0,3,3.51,6.08,0.0,,146.3,157.0,
814,9484847960,32382642151,4,4.47,0.0,0.0,0.0,4,6.09,8.24,0.0,,145.6,157.0,
815,9484847960,32382642152,5,1.3,0.0,0.0,0.0,5,8.25,9.09,0.0,,119.0,147.0,
816,9473897463,32343444233,1,7.31,0.0,0.0,0.0,1,0.0,4.05,0.0,,116.7,150.0,
817,9473897463,32343444237,2,5.36,0.0,0.0,0.0,2,4.06,6.39,0.0,,141.6,156.0,
818,9473897463,32343444242,3,4.54,0.0,0.0,0.0,3,6.4,8.5,0.0,,146.7,161.0,
819,9473897463,32343444246,4,5.34,0.0,0.0,0.0,4,8.51,11.25,0.0,,154.2,165.0,
820,9473897463,32343444247,5,3.49,0.0,0.0,0.0,5,11.26,12.41,0.0,,121.6,160.0,
821,9469207311,32327007571,1,3.07,0.0,0.0,0.0,1,0.0,1.46,0.0,,118.0,148.0,
822,9469207311,32327007572,2,3.04,0.0,0.0,0.0,2,1.47,2.55,0.0,,152.0,164.0,
823,9469207311,32327007573,3,3.55,0.0,0.0,0.0,3,2.56,4.55,0.0,,153.9,166.0,
824,9469207311,32327007574,4,4.3,0.0,0.0,0.0,4,4.56,7.08,0.0,,153.2,164.0,
825,9469207311,32327007576,5,5.1,0.0,0.0,0.0,5,7.09,9.23,0.0,,157.0,169.0,
826,9469207311,32327007581,6,2.59,0.0,0.0,0.0,6,9.24,10.36,0.0,,140.5,162.0,
827,9451612797,32260931027,1,3.3,0.0,0.0,0.0,1,0.0,1.53,0.0,,98.3,127.0,
828,9451612797,32260931030,2,3.39,0.0,0.0,0.0,2,1.54,3.33,0.0,,142.4,161.0,
829,9451612797,32260931032,3,5.03,0.0,0.0,0.0,3,3.34,5.27,0.0,,144.4,161.0,
830,9451612797,32260931035,4,5.37,0.0,0.0,0.0,4,5.28,8.14,0.0,,126.1,158.0,
831,9451612797,32260931036,5,1.38,0.0,0.0,0.0,5,8.15,8.49,0.0,,127.0,139.0,
832,9447066048,32244354589,1,7.32,1.0,7.956,11.0016,1,0.0,1.19,9.6,85.4,127.7,141.0,0.0
833,9447066048,32244354590,2,7.08,1.0,8.424,12.8772,2,1.2,2.58,9.6,85.8,144.5,154.0,0.0
834,9447066048,32244354591,3,10.05,1.0,5.9399999999999995,12.744,3,2.59,5.1,11.4,68.2,127.3,150.0,0.0
835,9447066048,32244354592,4,14.54,1.0,4.032000000000001,6.4368,4,5.11,8.17,3.2,53.6,97.3,111.0,0.0
836,9447066048,32244354593,5,5.46,0.4,4.104,6.638400000000001,5,8.18,9.1,13.2,52.9,92.2,104.0,0.0
837,9440588598,32221520159,1,4.51,0.0,0.0,0.0,1,0.0,2.25,0.0,,123.1,143.0,
838,9440588598,32221520161,2,6.15,0.0,0.0,0.0,2,2.26,5.57,0.0,,128.1,152.0,
839,9440588598,32221520162,3,5.56,0.0,0.0,0.0,3,5.58,8.3,0.0,,145.4,160.0,
840,9440588598,32221520163,4,7.01,0.0,0.0,0.0,4,8.31,11.37,0.0,,149.0,170.0,
841,9440588598,32221520165,5,4.57,0.0,0.0,0.0,5,11.38,13.57,0.0,,152.0,162.0,
842,9440588598,32221520167,6,2.5,0.0,0.0,0.0,6,13.58,15.32,0.0,,149.4,170.0,
843,9433314637,32196039804,1,11.18,0.0,0.0,0.0,1,0.0,5.57,0.0,,104.5,124.0,
844,9433314637,32196039806,2,4.19,0.0,0.0,0.0,2,5.58,8.18,0.0,,108.5,160.0,
845,9433314637,32196039812,3,5.36,0.0,0.0,0.0,3,8.19,11.11,0.0,,155.5,170.0,
846,9433314637,32196039814,4,1.0,0.0,0.0,0.0,4,11.12,11.45,0.0,,148.4,163.0,
847,9426817084,32172839884,1,6.01,1.0,9.972,13.8276,1,0.0,1.06,5.6,85.4,142.4,157.0,0.0
848,9426817084,32172839888,2,5.56,1.0,10.116,15.5304,2,1.07,2.26,8.8,85.7,157.6,164.0,0.0
849,9426817084,32172839889,3,6.23,1.0,9.395999999999999,11.9376,3,2.27,3.47,6.2,84.2,163.1,168.0,0.0
850,9426817084,32172839891,4,6.12,1.0,9.684,11.7756,4,3.48,5.11,9.6,85.1,163.3,175.0,0.0
851,9426817084,32172839893,5,6.47,1.0,8.856,11.1744,5,5.12,6.36,3.0,84.7,167.8,175.0,0.0
852,9426817084,32172839897,6,2.34,0.36,8.424,9.9612,6,6.37,6.59,6.8,84.7,171.3,175.0,0.0
853,9407899235,32102622316,1,1.26,0.03,1.1880000000000002,1.2060000000000002,1,0.0,1.26,0.0,,116.5,129.0,
854,9407899235,32102622317,2,1.15,0.0,0.0,1.1232,2,1.27,2.42,0.0,,132.6,136.0,
855,9407899235,32102622318,3,3.41,0.0,0.0,1.5336,3,2.43,6.25,0.0,,123.8,133.0,
856,9407899235,32102622319,4,0.07,0.0,0.0,0.9720000000000001,4,6.26,6.33,0.0,,121.7,123.0,
857,9407899235,32102622320,5,2.54,0.07,1.4400000000000002,6.3,5,6.34,9.28,0.0,,118.2,130.0,
858,9407899235,32102622321,6,0.1,0.0,0.0,8.4024,6,9.29,9.39,0.0,,123.1,127.0,
859,9407899235,32102622323,7,0.02,0.0,0.0,0.2952,7,9.4,9.43,0.0,,105.3,106.0,
860,9407899235,32102622324,8,2.38,0.08,1.9080000000000001,3.8808000000000002,8,9.44,12.22,0.0,,122.8,133.0,
861,9407899235,32102622325,9,1.05,0.0,0.0,3.8808000000000002,9,12.23,13.27,0.0,,122.1,132.0,
862,9407899235,32102622326,10,1.43,0.06,1.9440000000000002,4.2048,10,13.28,15.11,0.0,,123.6,136.0,
863,9407899235,32102622328,11,0.1,0.0,0.0,2.196,11,15.12,15.21,0.0,,131.1,133.0,
864,9407899235,32102622329,12,0.02,0.0,0.0,0.46440000000000003,12,15.22,15.25,0.0,,101.0,102.0,
865,9407899235,32102622330,13,5.49,0.21,2.16,20.16,13,15.26,21.14,0.0,,118.1,135.0,
866,9407899235,32102622332,14,0.19,0.0,0.0,0.0,14,21.15,21.34,0.0,,126.4,132.0,
867,9407748450,32102139811,1,5.26,1.0,11.052,14.490000000000002,1,0.0,0.56,6.6,86.0,123.4,142.0,0.0
868,9407748450,32102139815,2,5.58,1.0,10.044,15.976799999999999,2,0.57,2.47,8.6,85.3,154.7,162.0,0.0
869,9407748450,32102139820,3,5.45,1.0,10.44,17.8812,3,2.48,4.15,23.2,86.0,163.9,173.0,0.0
870,9407748450,32102139823,4,1.51,0.17,5.652,8.0568,4,4.15,4.15,3.2,65.3,157.6,173.0,0.0
871,9400736396,32077644314,1,3.45,0.0,0.0,0.0,1,0.0,1.54,0.0,,101.8,123.0,
872,9400736396,32077644323,2,4.29,0.0,0.0,0.0,2,1.55,4.13,0.0,,120.5,143.0,
873,9400736396,32077644326,3,4.4,0.0,0.0,0.0,3,4.14,6.19,0.0,,126.5,144.0,
874,9400736396,32077644328,4,4.59,0.0,0.0,0.0,4,6.2,8.56,0.0,,130.9,148.0,
875,9400736396,32077644330,5,6.28,0.0,0.0,0.0,5,8.57,12.02,0.0,,127.8,147.0,
876,9400736396,32077644335,6,5.4,0.0,0.0,0.0,6,12.03,14.41,0.0,,110.6,143.0,
877,9394443326,32055342616,1,8.56,1.61,10.8,12.726,1,0.0,1.39,0.0,81.0,134.7,157.0,0.0
878,9394443326,32055342626,2,8.42,1.61,11.088000000000001,17.7876,2,1.4,3.07,0.0,84.6,150.9,170.0,0.0
879,9394443326,32055342634,3,10.0,1.61,9.648000000000001,14.5872,3,3.08,4.31,0.0,84.3,160.3,172.0,0.0
880,9394443326,32055342642,4,9.4,1.61,9.972,11.1312,4,4.32,5.48,0.0,84.8,160.2,164.0,0.0
881,9394443326,32055342646,5,8.14,1.61,11.735999999999999,13.751999999999999,5,5.49,7.05,0.0,86.2,171.6,179.0,0.0
882,9394443326,32055342648,6,0.07,0.01,4.212,8.8128,6,7.06,7.09,0.0,26.3,170.5,179.0,0.0
883,9389163892,32036661100,1,3.04,0.0,0.0,0.0,1,0.0,1.49,0.0,,124.7,139.0,
884,9389163892,32036661102,2,3.26,0.0,0.0,0.0,2,1.5,3.23,0.0,,143.2,159.0,
885,9389163892,32036661104,3,3.56,0.0,0.0,0.0,3,3.24,5.26,0.0,,158.9,178.0,
886,9389163892,32036661106,4,5.52,0.0,0.0,0.0,4,5.27,8.07,0.0,,155.9,180.0,
887,9389163892,32036661110,5,1.0,0.0,0.0,0.0,5,8.08,8.28,0.0,,136.1,142.0,
888,9383838183,32017123741,1,2.51,0.0,0.0,0.0,1,0.0,1.35,0.0,,118.1,142.0,
889,9383838183,32017123745,2,4.52,0.0,0.0,0.0,2,1.36,4.02,0.0,,119.6,136.0,
890,9383838183,32017123748,3,4.46,0.0,0.0,0.0,3,4.03,6.07,0.0,,137.6,159.0,
891,9383838183,32017123750,4,4.2,0.0,0.0,0.0,4,6.08,8.13,0.0,,139.7,156.0,
892,9383838183,32017123753,5,5.54,0.0,0.0,0.0,5,8.14,10.45,0.0,,144.6,158.0,
893,9383838183,32017123755,6,0.28,0.0,0.0,0.0,6,10.46,10.59,0.0,,139.3,144.0,
894,9376157665,31991397330,1,2.44,0.0,0.0,0.0,1,0.0,1.3,0.0,,124.7,149.0,
895,9376157665,31991397334,2,3.35,0.0,0.0,0.0,2,1.31,2.52,0.0,,146.7,156.0,
896,9376157665,31991397341,3,3.45,0.0,0.0,0.0,3,2.53,4.14,0.0,,152.3,163.0,
897,9376157665,31991397347,4,5.37,0.0,0.0,0.0,4,4.15,6.4,0.0,,157.3,172.0,
898,9369658806,31965460883,1,7.02,1.0,8.532,14.184,1,0.0,1.15,2.2,85.2,131.7,148.0,0.0
899,9369658806,31965460885,2,6.56,1.0,8.64,11.7072,2,1.16,2.36,2.2,84.8,145.9,154.0,0.0
900,9369658806,31965460889,3,7.11,1.0,8.352,9.723600000000001,3,2.37,4.01,6.6,84.4,151.4,160.0,0.0
901,9369658806,31965460891,4,7.14,1.0,8.28,12.3084,4,4.02,5.2,8.2,84.1,158.3,165.0,0.0
902,9369658806,31965460892,5,6.46,1.0,8.856,12.009599999999999,5,5.21,6.37,2.0,84.2,162.5,168.0,0.0
903,9369658806,31965460895,6,7.29,1.0,8.028,10.620000000000001,6,6.38,8.01,12.6,84.3,165.6,175.0,0.0
904,9369658806,31965460897,7,7.02,1.0,8.532,12.06,7,8.02,9.05,0.0,84.7,165.3,178.0,0.0
905,9369658806,31965460900,8,2.54,0.41,8.388,11.2716,8,9.06,9.3,2.0,84.1,170.1,176.0,0.0
906,9365478633,31948685438,1,42.35,0.0,0.0,0.0,1,0.0,42.35,0.0,,86.7,124.0,
907,9359950371,31929436454,1,3.44,0.0,0.0,0.0,1,0.0,2.08,0.0,,108.7,130.0,
908,9359950371,31929436455,2,6.06,0.0,0.0,0.0,2,2.09,5.16,0.0,,123.8,148.0,
909,9359950371,31929436457,3,5.32,0.0,0.0,0.0,3,5.17,7.53,0.0,,130.5,148.0,
910,9359950371,31929436459,4,6.57,0.0,0.0,0.0,4,7.54,10.55,0.0,,148.4,167.0,
911,9359950371,31929436462,5,3.53,0.0,0.0,0.0,5,10.56,12.18,0.0,,101.2,151.0,
912,9347431801,31885166871,1,7.25,1.0,8.1,11.1456,1,0.0,1.16,2.8,85.2,135.3,145.0,0.0
913,9347431801,31885166872,2,7.54,1.0,7.596,10.3788,2,1.17,2.31,0.0,85.0,142.0,149.0,0.0
914,9347431801,31885166874,3,7.33,1.0,7.956,10.3284,3,2.32,3.51,3.6,84.1,147.8,156.0,0.0
915,9347431801,31885166876,4,5.25,0.7,7.704000000000001,9.8604,4,3.52,4.35,4.0,81.7,152.7,159.0,0.0
