,activity_id,sport_type,distance_score,workout_time_score,calorie_score,total_elevation_gain_score,average_heartrate_score,max_heartrate_score,avg_time_per_lap_score,lap_count_score,avg_speed_score,max_speed_score,effort_score
0,8885873542,Run,10,35,40,5,20,15,5,35,15,15,195
1,8879705626,Functional-Cardio Workout,1,25,35,1,20,30,5,35,1,1,154
2,8875392009,Functional-Cardio Workout,1,10,15,1,20,30,5,10,1,1,94
3,8869251524,Functional-Cardio Workout,1,15,25,1,20,25,1,25,1,1,115
4,8862861001,Yoga,1,10,15,1,10,15,10,5,1,1,69
5,8857166258,Functional-Cardio Workout,1,20,35,1,15,25,5,25,1,1,129
6,8849667738,Functional-Cardio Workout,1,20,35,1,15,25,1,35,1,1,135
7,8834354201,WeightTraining,1,25,35,1,10,15,20,5,1,1,114
8,8828116209,Functional-Cardio Workout,1,20,25,1,15,25,5,25,1,1,119
9,8821557138,Functional-Cardio Workout,1,35,35,1,10,25,5,25,1,1,139
10,8815449705,Run,10,50,70,5,35,35,5,35,15,15,275
11,8806111423,Functional-Cardio Workout,1,30,35,1,20,35,1,35,1,1,160
12,8799988893,Functional-Cardio Workout,1,15,25,1,20,25,1,25,1,1,115
13,8794698723,Functional-Cardio Workout,1,25,35,1,15,25,5,35,1,1,144
14,8789089604,Functional-Cardio Workout,1,20,35,1,15,25,5,25,1,1,129
15,8771323929,Functional-Cardio Workout,1,15,25,1,15,25,1,35,1,1,120
16,8766877503,Functional-Cardio Workout,1,30,35,1,15,25,5,25,1,1,139
17,8760859967,Functional-Cardio Workout,1,20,35,1,20,30,5,25,1,1,139
18,8749434921,Functional-Cardio Workout,1,45,40,1,15,30,5,35,1,1,174
19,8726475508,Functional-Cardio Workout,1,15,25,1,15,25,1,25,1,1,110
20,8721204362,Functional-Cardio Workout,1,25,35,1,15,25,5,25,1,1,134
21,8715744482,MountainBikeRide,25,50,50,15,10,15,20,10,20,25,240
22,8710745438,Functional-Cardio Workout,1,40,35,1,10,15,5,25,1,1,134
23,8698197610,Functional-Cardio Workout,1,25,35,1,15,25,5,25,1,1,134
24,8693453841,Hike,5,50,80,25,10,15,20,5,5,10,225
25,8688907431,MountainBikeRide,20,50,50,10,10,15,20,5,15,20,215
26,8683360176,Functional-Cardio Workout,1,50,40,1,10,15,10,35,1,1,164
27,8677673116,Functional-Cardio Workout,1,40,40,1,10,15,5,35,1,1,149
28,8672944578,Walk,5,50,40,5,5,10,15,20,5,10,165
29,8672611987,Ride,1,40,15,1,5,10,20,5,5,5,107
30,8655132144,Functional-Cardio Workout,1,30,40,1,15,25,5,35,1,1,154
31,8650266138,Functional-Cardio Workout,1,45,50,1,20,30,20,5,1,1,174
32,8644587607,Functional-Cardio Workout,1,30,35,1,20,30,5,25,1,1,149
33,8639260773,MountainBikeRide,20,0,40,10,10,15,15,5,20,25,160
34,8633145882,Run,10,30,40,5,30,25,5,35,30,20,230
35,8611884034,Functional-Cardio Workout,1,1,5,1,5,10,1,35,1,1,61
36,8606708676,Functional-Cardio Workout,1,30,35,1,15,25,5,25,1,1,139
37,8600932618,Functional-Cardio Workout,1,10,25,1,20,25,1,25,1,1,110
38,8600850460,MountainBikeRide,20,50,50,10,15,25,20,5,15,20,230
39,8594917333,Run,10,35,50,5,30,25,5,35,15,15,225
40,8587870096,Functional-Cardio Workout,1,10,25,1,15,25,1,25,1,1,105
41,8587667353,Run,10,35,40,5,20,25,5,35,15,20,210
42,8578513389,MountainBikeRide,10,45,25,10,10,15,20,5,10,20,170
43,8573739485,Run,10,25,35,5,20,25,5,35,30,20,210
44,8567397324,Functional-Cardio Workout,1,35,40,1,15,35,5,35,1,1,169
45,8562727659,MountainBikeRide,20,50,50,10,15,15,20,5,15,20,220
46,8556464236,Functional-Cardio Workout,1,25,35,1,20,25,5,25,1,1,139
47,8545358774,MountainBikeRide,20,50,40,10,10,15,20,5,15,25,210
48,8538434119,TrailRun,10,50,50,20,15,30,10,25,10,15,235
49,8534745466,Functional-Cardio Workout,1,0,40,1,15,35,5,35,1,1,134
50,8529443857,MountainBikeRide,20,45,40,10,10,15,15,5,15,25,200
51,8522824035,Functional-Cardio Workout,1,45,50,1,15,25,10,20,1,1,169
52,8517243835,Functional-Cardio Workout,1,20,35,1,15,25,5,25,1,1,129
53,8517243161,Run,5,5,15,5,20,25,5,5,30,20,135
54,8504441796,Run,25,50,80,5,35,35,5,35,25,20,315
55,8499814764,Functional-Cardio Workout,1,30,25,1,10,25,5,35,1,1,134
56,8495754250,Functional-Cardio Workout,1,25,35,1,20,25,5,35,1,1,149
57,8490538352,Functional-Cardio Workout,1,35,40,1,20,30,5,35,1,1,169
58,8484883685,Functional-Cardio Workout,1,15,15,1,10,15,1,25,1,1,85
59,8484745146,Run,10,45,50,5,20,25,5,35,15,20,230
60,8479818986,Functional-Cardio Workout,1,35,40,1,15,25,5,35,1,1,159
61,8465791898,Functional-Cardio Workout,1,15,25,1,10,15,1,25,1,1,95
62,8461910392,Functional-Cardio Workout,1,25,25,1,15,25,10,5,1,1,109
63,8457098599,Functional-Cardio Workout,1,30,35,1,15,30,5,35,1,1,154
64,8452224343,Ride,1,25,25,1,10,15,20,5,5,5,112
65,8446679630,Functional-Cardio Workout,1,40,40,1,15,25,5,35,1,1,164
66,8439721111,Yoga,1,30,15,1,5,10,20,5,1,1,89
67,8429193772,Run,30,50,100,5,30,30,5,35,25,15,325
68,8424857940,Functional-Cardio Workout,1,25,25,1,10,15,10,5,1,1,94
69,8419959787,Functional-Cardio Workout,1,50,60,1,15,25,10,35,1,1,199
70,8415022100,TrailRun,5,30,40,5,20,15,5,20,15,15,170
71,8409055741,Functional-Cardio Workout,1,50,80,1,20,30,10,25,1,1,219
72,8403997888,Functional-Cardio Workout,1,50,50,1,15,30,10,35,1,1,194
73,8398211855,Run,10,45,70,5,30,30,5,35,25,0,255
74,8397964746,Functional-Cardio Workout,1,5,15,1,20,25,10,5,1,1,84
75,8387758742,Functional-Cardio Workout,1,25,25,1,10,15,5,20,1,1,104
76,8382922540,Run,25,50,90,10,20,30,5,35,15,0,280
77,8377330507,MountainBikeRide,20,50,50,10,10,15,20,5,15,30,225
78,8371717528,Functional-Cardio Workout,1,20,25,1,15,15,5,10,1,1,94
79,8366744076,Functional-Cardio Workout,1,25,35,1,15,25,5,35,1,1,144
80,8361203713,Functional-Cardio Workout,1,25,35,1,15,25,10,5,1,1,119
81,8349952043,Functional-Cardio Workout,1,40,35,1,10,30,10,10,1,1,139
82,8345023058,Functional-Cardio Workout,1,30,35,1,15,25,20,5,1,1,134
83,8339517521,Functional-Cardio Workout,1,0,50,1,15,30,10,20,1,1,129
84,8334285682,Run,5,25,35,5,20,30,5,25,25,20,195
85,8329288562,Functional-Cardio Workout,1,40,50,1,15,30,10,20,1,1,169
86,8323038910,Functional-Cardio Workout,1,0,40,1,15,15,10,25,1,1,109
87,8318058695,Functional-Cardio Workout,1,20,35,1,20,30,5,20,1,1,134
88,8314003228,Functional-Cardio Workout,1,20,35,1,15,25,5,25,1,1,129
89,8304820435,Functional-Cardio Workout,1,35,40,1,15,30,10,20,1,1,154
90,8300432096,Functional-Cardio Workout,1,30,35,1,15,25,10,10,1,1,129
91,8290365391,Functional-Cardio Workout,1,30,15,1,10,15,20,5,1,1,99
92,8287265002,Functional-Cardio Workout,1,0,50,1,15,25,10,25,1,1,129
93,8283247244,Functional-Cardio Workout,1,25,35,1,15,25,5,20,1,1,129
94,8280431309,Functional-Cardio Workout,1,25,25,1,10,15,5,20,1,1,104
95,8276678772,Functional-Cardio Workout,1,25,35,1,15,25,5,20,1,1,129
96,8272535392,Functional-Cardio Workout,1,35,40,1,20,30,15,5,1,1,149
97,8272535301,Functional-Cardio Workout,1,0,50,1,20,30,10,25,1,1,139
98,8264840790,Functional-Cardio Workout,1,30,35,1,15,25,5,20,1,1,134
99,8264742904,TrailRun,10,50,60,10,20,25,10,35,15,20,255
100,8256810166,Functional-Cardio Workout,1,20,35,1,20,25,15,5,1,1,124
101,8253528404,Functional-Cardio Workout,1,0,40,1,10,25,10,20,1,1,109
102,8245669298,Functional-Cardio Workout,1,40,50,1,20,30,10,20,1,1,174
103,8241317810,Run,10,0,50,5,20,25,5,35,25,15,190
104,8229088227,Functional-Cardio Workout,1,35,35,1,15,25,5,25,1,1,144
105,8225784809,Functional-Cardio Workout,1,35,40,1,15,25,10,20,1,1,149
106,8221018861,Functional-Cardio Workout,1,15,25,1,15,25,15,5,1,1,104
107,8217650720,Run,5,1,5,5,30,25,1,5,30,15,122
108,8217650717,Run,10,50,80,5,30,30,10,35,25,0,275
109,8212453296,Functional-Cardio Workout,1,35,40,1,15,25,10,20,1,1,149
110,8208589520,Functional-Cardio Workout,1,50,40,1,15,25,10,25,1,1,169
111,8203727142,Functional-Cardio Workout,1,20,35,1,15,30,15,5,1,1,124
112,8203727133,Functional-Cardio Workout,1,20,25,1,15,25,15,5,1,1,109
113,8203727114,Run,5,1,5,5,20,15,1,5,30,20,107
114,8191621998,Functional-Cardio Workout,1,25,25,1,10,25,10,10,1,1,109
115,8187238246,Functional-Cardio Workout,1,25,35,1,15,35,5,25,1,1,144
116,8182235363,Functional-Cardio Workout,1,30,35,1,10,15,5,25,1,1,124
117,8182235331,WeightTraining,1,30,35,1,10,15,20,5,1,1,119
118,8160150145,Functional-Cardio Workout,1,30,40,1,20,25,5,25,1,1,149
119,8155361427,Functional-Cardio Workout,1,30,35,1,15,25,5,25,1,1,139
120,8151030129,Functional-Cardio Workout,1,35,35,1,15,15,5,25,1,1,134
121,8146441132,Functional-Cardio Workout,1,20,35,1,20,25,5,25,1,1,134
122,8141884509,Functional-Cardio Workout,1,20,25,1,15,25,10,5,1,1,104
123,8137158637,Functional-Cardio Workout,1,15,25,1,15,25,5,20,1,1,109
124,8132627372,Functional-Cardio Workout,1,15,25,1,15,25,1,25,1,1,110
125,8132355459,Functional-Cardio Workout,1,25,15,1,5,10,20,5,1,1,84
126,8124106588,Functional-Cardio Workout,1,25,35,1,20,30,20,5,1,1,139
127,8119355717,Functional-Cardio Workout,1,15,25,1,15,25,1,25,1,1,110
128,8119355702,Functional-Cardio Workout,1,35,40,1,15,25,5,35,1,1,159
129,8088332251,Functional-Cardio Workout,1,20,25,1,15,25,5,10,1,1,104
130,8083176906,Functional-Cardio Workout,1,15,25,1,20,25,1,25,1,1,115
131,8079471189,Functional-Cardio Workout,1,50,40,1,15,25,10,25,1,1,169
132,8068964123,Functional-Cardio Workout,1,0,40,1,15,25,10,25,1,1,119
133,8068964116,Functional-Cardio Workout,1,25,35,1,15,25,5,25,1,1,134
134,8055576307,Functional-Cardio Workout,1,50,60,1,15,35,20,5,1,1,189
135,8050185517,Functional-Cardio Workout,1,30,40,1,20,25,5,35,1,1,159
136,8044302453,Functional-Cardio Workout,1,15,25,1,20,30,15,5,1,1,114
137,8034000587,Functional-Cardio Workout,1,35,40,1,15,30,5,35,1,1,164
138,8029975644,Ride,1,40,40,1,10,15,20,5,5,5,142
139,8024916101,Functional-Cardio Workout,1,40,35,1,15,25,5,35,1,1,159
140,8019342575,Functional-Cardio Workout,1,0,40,1,15,30,5,35,1,1,129
141,8014397326,Functional-Cardio Workout,1,40,50,1,20,25,5,35,1,1,179
142,8014397281,Functional-Cardio Workout,1,15,25,1,15,25,10,5,1,1,99
143,8014397301,Functional-Cardio Workout,1,50,50,1,15,25,10,35,1,1,189
144,7995086512,Hike,5,50,25,5,5,10,20,5,5,25,155
145,7990214715,Ride,1,20,25,1,10,15,15,5,5,5,102
146,7985428379,Functional-Cardio Workout,1,45,40,1,10,30,20,5,1,1,154
147,7979518267,Rowing,1,25,35,1,15,25,20,5,1,1,129
148,7979517970,Functional-Cardio Workout,1,15,15,1,15,25,15,5,1,1,94
149,7962893212,Functional-Cardio Workout,1,5,15,1,20,25,10,5,1,1,84
150,7959299281,Rowing,1,20,25,1,10,15,15,5,1,1,94
151,7959299285,Ride,1,25,25,1,10,15,20,5,5,5,112
152,7959299382,Swim,15,5,5,1,5,10,1,20,5,5,72
153,7954296350,Swim,30,10,5,1,10,10,1,35,5,0,107
154,7949259794,Functional-Cardio Workout,1,50,50,1,15,25,10,25,1,1,179
155,7943814572,Functional-Cardio Workout,1,10,15,1,10,15,5,10,1,1,69
156,7939267017,Functional-Cardio Workout,1,30,35,1,10,15,10,5,1,1,109
157,7927920375,Functional-Cardio Workout,1,10,25,1,15,15,5,10,1,1,84
158,7923110121,Ride,20,50,60,25,15,25,20,5,15,25,260
159,7918414987,Ride,15,0,25,10,10,15,15,5,25,25,145
160,7918414980,Functional-Cardio Workout,1,0,40,1,15,25,10,25,1,1,119
161,7906191054,Functional-Cardio Workout,1,30,35,1,15,15,5,20,1,1,124
162,7901583312,Yoga,1,35,15,1,5,10,20,5,1,1,94
163,7901583230,Functional-Cardio Workout,1,20,35,1,15,30,5,20,1,1,129
164,7891913019,MountainBikeRide,10,30,25,5,10,15,20,5,10,15,145
165,7887509906,Ride,15,50,60,10,15,15,20,5,10,30,230
166,7881485870,Functional-Cardio Workout,1,25,35,1,15,15,5,35,1,1,134
167,7877830728,Functional-Cardio Workout,1,50,40,1,15,30,20,5,1,1,164
168,7872000948,Functional-Cardio Workout,1,30,35,1,15,25,5,25,1,1,139
169,7867936072,Functional-Cardio Workout,1,35,35,1,15,15,10,20,1,1,134
170,7860502925,Functional-Cardio Workout,1,50,60,1,15,25,10,35,1,1,199
171,7851566640,Functional-Cardio Workout,1,25,25,1,15,25,5,20,1,1,119
172,7846435025,Functional-Cardio Workout,1,25,35,1,15,25,20,5,1,1,129
173,7841605387,Functional-Cardio Workout,1,0,40,1,15,25,20,5,1,1,109
174,7835158574,Functional-Cardio Workout,1,20,35,1,15,30,5,25,1,1,134
175,7829208307,Functional-Cardio Workout,1,20,35,1,20,30,15,5,1,1,129
176,7817521073,Functional-Cardio Workout,1,20,35,1,20,25,5,25,1,1,134
177,7814760129,Ride,1,15,15,1,10,15,15,5,5,5,87
178,7809401836,Functional-Cardio Workout,1,30,35,1,15,25,5,25,1,1,139
179,7803664451,Functional-Cardio Workout,1,15,15,1,10,15,1,25,1,1,85
180,7798186339,Functional-Cardio Workout,1,35,25,1,10,15,5,25,1,1,119
181,7785525706,Functional-Cardio Workout,1,25,35,1,15,30,5,20,1,1,134
182,7781716408,Functional-Cardio Workout,1,25,35,1,15,25,5,20,1,1,129
183,7777108383,Functional-Cardio Workout,1,35,35,1,15,25,10,20,1,1,144
184,7772120351,Functional-Cardio Workout,1,15,25,1,15,25,5,20,1,1,109
185,7767086065,Functional-Cardio Workout,1,45,50,1,15,30,20,5,1,1,169
186,7767086089,Ride,15,40,40,5,15,25,15,5,15,15,190
187,7767086080,Hike,4,50,35,10,5,15,20,5,5,35,184
188,7744120120,Functional-Cardio Workout,1,25,25,1,15,25,5,20,1,1,119
189,7744120183,Functional-Cardio Workout,1,40,35,1,35,35,5,25,1,1,179
190,7733338456,Functional-Cardio Workout,1,30,40,1,20,30,5,25,1,1,154
191,7733338470,Functional-Cardio Workout,1,50,50,1,15,30,20,5,1,1,174
192,7700419004,Functional-Cardio Workout,1,30,35,1,15,15,5,20,1,1,124
193,7697533691,Functional-Cardio Workout,1,15,25,1,15,25,1,35,1,1,120
194,7697533117,Functional-Cardio Workout,1,0,50,1,15,30,20,5,1,1,124
195,7697532478,Functional-Cardio Workout,1,30,35,1,15,15,5,25,1,1,129
196,7697532128,Functional-Cardio Workout,1,30,40,1,15,25,5,20,1,1,139
197,7676993625,Functional-Cardio Workout,1,25,35,1,15,25,5,20,1,1,129
198,7671148736,Functional-Cardio Workout,1,40,35,1,15,25,5,25,1,1,149
199,7661938174,Functional-Cardio Workout,1,25,35,1,20,25,5,35,1,1,149
200,7655951082,Functional-Cardio Workout,1,20,35,1,20,25,5,25,1,1,134
201,7643729354,Functional-Cardio Workout,1,25,40,1,20,30,5,25,1,1,149
202,7639108992,Kayaking,4,50,25,5,5,10,20,5,5,10,139
203,7627852888,Functional-Cardio Workout,1,20,35,1,30,30,15,5,1,1,139
204,7617909397,Functional-Cardio Workout,1,15,25,1,20,25,1,35,1,1,125
205,7612343504,Functional-Cardio Workout,1,20,35,1,20,25,1,35,1,1,140
206,7605977133,Functional-Cardio Workout,1,25,40,1,30,30,5,25,1,1,159
207,7605386863,Walk,2,50,35,10,10,15,20,5,5,10,162
208,7605385250,Functional-Cardio Workout,1,15,15,1,10,15,1,25,1,1,85
209,7549296930,Functional-Cardio Workout,1,25,35,1,20,30,5,25,1,1,144
210,7549296287,Functional-Cardio Workout,1,20,35,1,20,25,5,25,1,1,134
211,7549295861,Functional-Cardio Workout,1,10,25,1,20,25,1,35,1,1,120
212,7549295303,Functional-Cardio Workout,1,0,40,1,15,30,10,25,1,1,124
213,7501678752,Functional-Cardio Workout,1,25,35,1,20,25,5,25,1,1,139
214,7496684204,Functional-Cardio Workout,1,25,35,1,20,25,5,25,1,1,139
215,7490027394,Functional-Cardio Workout,1,30,40,1,20,25,5,25,1,1,149
216,7480345431,Functional-Cardio Workout,1,25,35,1,20,25,5,20,1,1,134
217,7475135473,Functional-Cardio Workout,1,20,25,1,15,25,5,25,1,1,119
218,7468783204,Functional-Cardio Workout,1,40,35,1,15,30,10,10,1,1,144
219,7459486964,Functional-Cardio Workout,1,45,40,1,15,30,10,25,1,1,169
220,7453924352,Functional-Cardio Workout,1,40,40,1,20,25,5,25,1,1,159
221,7447936857,Functional-Cardio Workout,1,10,25,1,15,15,1,25,1,1,95
222,7442268337,Functional-Cardio Workout,1,20,25,1,10,15,5,20,1,1,99
223,7437706104,Functional-Cardio Workout,1,45,50,1,20,30,10,25,1,1,184
224,7432748111,Functional-Cardio Workout,1,40,50,1,20,25,5,25,1,1,169
225,7427666085,Functional-Cardio Workout,1,40,40,1,15,30,5,25,1,1,159
226,7421954219,Functional-Cardio Workout,1,25,35,1,15,25,5,20,1,1,129
227,7421602405,Swim,20,5,5,1,10,10,1,35,5,10,102
228,7416233723,Functional-Cardio Workout,1,20,25,1,15,25,5,25,1,1,119
229,7409993831,Functional-Cardio Workout,1,15,25,1,20,15,5,10,1,1,94
230,7404375396,Functional-Cardio Workout,1,25,35,1,15,25,5,20,1,1,129
231,7399870148,Swim,30,15,5,1,10,15,1,35,5,10,127
232,7395320176,Functional-Cardio Workout,1,25,35,1,15,25,5,25,1,1,134
233,7395319816,Swim,30,5,5,1,10,15,1,25,5,10,107
234,7390401164,Functional-Cardio Workout,1,25,40,1,20,30,5,25,1,1,149
235,7389902513,Swim,15,1,5,1,10,15,1,20,5,5,78
236,7389902443,Swim,10,1,5,1,10,15,1,5,5,5,58
237,7384818542,Functional-Cardio Workout,1,25,35,1,15,30,5,25,1,1,139
238,7384553991,Swim,25,5,5,1,10,15,1,35,5,15,117
239,7379317731,Functional-Cardio Workout,1,25,35,1,15,25,5,25,1,1,134
240,7367779138,Functional-Cardio Workout,1,40,40,1,15,30,5,35,1,1,169
241,7363091019,Functional-Cardio Workout,1,25,35,1,15,15,5,25,1,1,124
242,7362922978,Swim,20,10,5,1,15,15,1,35,5,0,107
243,7358660325,Hike,2,30,25,5,10,10,20,5,5,0,112
244,7358463108,Functional-Cardio Workout,1,35,35,1,10,25,5,25,1,1,139
245,7352895855,Functional-Cardio Workout,1,15,25,1,15,25,5,20,1,1,109
246,7352638274,Swim,30,15,5,1,10,15,1,35,5,0,117
247,7352524704,Swim,10,1,5,1,5,10,1,20,5,10,68
248,7350407967,Swim,15,5,5,1,10,15,1,35,5,5,97
249,7342208546,WeightTraining,1,20,25,1,15,15,15,5,1,1,99
250,7341104282,Swim,15,15,5,1,10,15,5,10,5,10,91
251,7335189040,Functional-Cardio Workout,1,30,15,1,5,15,1,35,1,1,105
252,7326034820,WeightTraining,1,30,35,1,10,15,20,5,1,1,119
253,7325431689,Swim,25,1,5,1,10,15,1,20,5,20,103
254,7325431372,Swim,10,1,5,1,10,15,5,5,5,5,62
255,7315990079,Functional-Cardio Workout,1,20,25,1,10,15,5,25,1,1,104
256,7304622665,Run,10,30,40,5,30,30,5,35,25,20,230
257,7299034268,Functional-Cardio Workout,1,0,40,1,15,30,10,20,1,1,119
258,7292234833,Functional-Cardio Workout,1,45,50,1,15,30,10,25,1,1,179
259,7287926248,Functional-Cardio Workout,1,20,25,1,15,25,5,20,1,1,114
260,7283209084,Functional-Cardio Workout,1,45,40,1,30,30,5,35,1,1,189
261,7282464979,Swim,10,5,5,1,10,15,10,5,5,5,71
262,7277894545,Functional-Cardio Workout,1,45,40,1,15,25,10,25,1,1,164
263,7261210263,Functional-Cardio Workout,1,25,35,1,15,25,20,5,1,1,129
264,7245291707,Functional-Cardio Workout,1,25,35,1,20,25,20,5,1,1,134
265,7237638521,Run,5,30,35,5,30,25,5,25,25,0,185
266,7234907479,Functional-Cardio Workout,1,0,40,1,20,30,5,35,1,1,134
267,7228758859,Functional-Cardio Workout,1,25,35,1,15,25,10,10,1,1,124
268,7224099974,WeightTraining,1,20,25,1,15,15,15,5,1,1,99
269,7218344699,Walk,5,50,50,15,10,15,15,20,5,10,195
270,7179587226,Functional-Cardio Workout,5,50,100,15,20,30,20,5,10,15,270
271,7171648251,Functional-Cardio Workout,1,40,35,1,15,15,5,35,1,1,149
272,7166675139,Functional-Cardio Workout,1,30,40,1,30,30,5,25,1,1,164
273,7154916883,Functional-Cardio Workout,1,35,40,1,15,25,10,20,1,1,149
274,7143434657,Functional-Cardio Workout,1,1,5,1,20,15,5,5,1,1,55
275,7133136466,WeightTraining,1,20,35,1,15,25,15,5,1,1,119
276,7133025525,Functional-Cardio Workout,1,1,5,1,10,15,5,5,1,1,45
277,7127900671,Functional-Cardio Workout,1,25,40,1,30,30,5,35,1,1,169
278,7121969262,Functional-Cardio Workout,1,40,40,1,15,30,5,25,1,1,159
279,7116458201,Functional-Cardio Workout,1,40,40,1,15,30,10,20,1,1,159
280,7111449419,Functional-Cardio Workout,1,20,35,1,15,25,5,20,1,1,124
281,7099546136,Functional-Cardio Workout,1,0,40,1,15,30,10,20,1,1,119
282,7094732292,Functional-Cardio Workout,1,35,40,1,20,25,5,25,1,1,154
283,7089438915,Functional-Cardio Workout,1,30,35,1,15,30,5,20,1,1,139
284,7085248120,Functional-Cardio Workout,1,30,35,1,10,15,20,5,1,1,119
285,7077988109,Functional-Cardio Workout,1,20,35,1,20,25,1,35,1,1,140
286,7062071768,Run,10,40,40,5,15,25,5,35,10,15,200
287,7056021664,Run,10,35,40,5,20,25,5,35,25,20,220
288,7052639785,Functional-Cardio Workout,1,25,35,1,30,30,5,35,1,1,164
289,7046712057,Functional-Cardio Workout,1,40,50,1,20,30,5,25,1,1,174
290,7041200880,Functional-Cardio Workout,1,40,40,1,15,30,10,20,1,1,159
291,7035044022,Functional-Cardio Workout,1,50,50,1,15,25,15,10,1,1,169
292,7024937010,Functional-Cardio Workout,1,30,40,1,20,30,5,25,1,1,154
293,7020510777,Run,10,35,40,5,30,25,5,35,25,20,230
294,7015258111,Functional-Cardio Workout,1,15,35,1,30,30,1,35,1,1,150
295,7009700149,Functional-Cardio Workout,1,35,50,1,20,30,5,25,1,1,169
296,7004644328,Functional-Cardio Workout,1,35,40,1,20,30,5,25,1,1,159
297,6983291404,AlpineSki,20,50,50,1,10,10,15,35,35,35,261
298,6977793805,AlpineSki,15,50,25,1,10,10,10,35,35,35,226
299,6966265476,AlpineSki,10,50,35,1,10,15,15,35,35,35,241
300,6951773290,Functional-Cardio Workout,1,35,40,1,15,30,5,35,1,1,164
301,6942779209,Functional-Cardio Workout,1,0,50,1,15,30,10,25,1,1,134
302,6937587715,Functional-Cardio Workout,1,25,40,1,20,30,20,5,1,1,144
303,6932738211,Functional-Cardio Workout,1,45,50,1,15,30,10,25,1,1,179
304,6926091020,Run,25,50,80,5,30,25,5,35,25,15,295
305,6917539822,Functional-Cardio Workout,1,40,40,1,15,25,5,25,1,1,154
306,6913502235,Functional-Cardio Workout,1,35,35,1,15,30,5,25,1,1,149
307,6907498892,Functional-Cardio Workout,1,20,25,1,15,15,15,5,1,1,99
308,6904274850,Functional-Cardio Workout,1,0,40,1,15,25,10,25,1,1,119
309,6895845332,Functional-Cardio Workout,1,35,35,1,15,30,5,25,1,1,149
310,6886421674,Functional-Cardio Workout,1,0,40,1,15,25,10,20,1,1,114
311,6877797182,Functional-Cardio Workout,1,40,40,1,15,30,10,20,1,1,159
312,6872684233,Functional-Cardio Workout,1,35,40,1,15,30,10,20,1,1,154
313,6863649542,Functional-Cardio Workout,1,35,35,1,15,30,10,20,1,1,149
314,6858501837,Functional-Cardio Workout,1,40,40,1,15,35,10,20,1,1,164
315,6849835953,Run,10,20,40,5,35,30,1,35,35,20,231
316,6845169227,Functional-Cardio Workout,1,35,25,1,10,15,20,5,1,1,114
317,6835800184,Functional-Cardio Workout,1,35,40,1,20,30,10,20,1,1,159
318,6830789366,Functional-Cardio Workout,1,35,35,1,15,25,5,25,1,1,144
319,6825189296,Functional-Cardio Workout,1,30,35,1,15,25,5,20,1,1,134
320,6820712457,Functional-Cardio Workout,1,35,40,1,15,25,5,25,1,1,149
321,6814345270,Run,10,0,50,10,20,30,5,35,10,15,185
322,6805240312,Functional-Cardio Workout,1,40,40,1,15,25,5,25,1,1,154
323,6797043556,Functional-Cardio Workout,1,35,40,1,15,25,5,25,1,1,149
324,6795067469,Functional-Cardio Workout,1,45,50,1,15,30,10,25,1,1,179
325,6789848407,Functional-Cardio Workout,1,30,35,1,15,30,5,25,1,1,144
326,6769312477,Run,10,20,35,5,35,35,1,35,35,20,231
327,6764870542,Functional-Cardio Workout,1,35,40,1,15,25,5,25,1,1,149
328,6759449303,Functional-Cardio Workout,1,40,40,1,15,30,5,25,1,1,159
329,6754061766,Functional-Cardio Workout,1,40,35,1,15,25,10,20,1,1,149
330,6742522507,Run,10,35,40,5,20,25,5,35,30,20,225
331,6733856021,Functional-Cardio Workout,1,25,40,1,20,30,5,25,1,1,149
332,6729396049,Functional-Cardio Workout,1,30,35,1,15,30,5,25,1,1,144
333,6724528197,Functional-Cardio Workout,1,35,40,1,15,25,5,25,1,1,149
334,6718717428,Functional-Cardio Workout,1,40,25,1,10,15,10,20,1,1,124
335,6712135630,Run,30,50,100,10,30,30,5,35,30,20,340
336,6708815582,Functional-Cardio Workout,1,30,40,1,20,30,5,25,1,1,154
337,6699460962,Functional-Cardio Workout,1,35,40,1,15,25,5,25,1,1,149
338,6694671366,Functional-Cardio Workout,1,35,40,1,15,30,10,20,1,1,154
339,6689591048,Functional-Cardio Workout,1,40,40,1,15,30,5,25,1,1,159
340,6683729889,Functional-Cardio Workout,1,40,40,1,15,25,20,5,1,1,149
341,6667966076,Functional-Cardio Workout,1,40,40,1,15,25,10,20,1,1,154
342,6664140240,Functional-Cardio Workout,1,40,50,1,20,30,5,25,1,1,174
343,6658899949,Functional-Cardio Workout,1,30,35,1,15,25,5,25,1,1,139
344,6653353445,Functional-Cardio Workout,1,40,40,1,20,30,10,20,1,1,164
345,6647988601,Functional-Cardio Workout,1,35,40,1,15,30,5,25,1,1,154
346,6632209461,Functional-Cardio Workout,1,30,40,1,20,25,5,25,1,1,149
347,6627986131,Functional-Cardio Workout,1,25,35,1,20,30,5,35,1,1,154
348,6623045361,WeightTraining,1,25,35,1,20,25,20,5,1,1,134
349,6609514085,Functional-Cardio Workout,1,35,40,1,15,15,10,20,1,1,139
350,6601923761,Run,25,50,80,5,35,35,5,35,35,20,325
351,6592352751,Functional-Cardio Workout,1,30,35,1,15,25,5,25,1,1,139
352,6587272504,Run,10,20,35,5,30,35,1,35,35,0,206
353,6582301463,Functional-Cardio Workout,1,35,35,1,20,30,5,25,1,1,154
354,6576877944,Functional-Cardio Workout,1,35,40,1,15,30,5,25,1,1,154
355,6572219564,Functional-Cardio Workout,1,20,35,1,20,30,5,25,1,1,139
356,6565761006,Functional-Cardio Workout,1,35,40,1,20,25,5,25,1,1,154
357,6556096899,Functional-Cardio Workout,1,35,35,1,15,30,5,25,1,1,149
358,6551101346,Functional-Cardio Workout,1,30,40,1,15,25,5,25,1,1,144
359,6545744192,Functional-Cardio Workout,1,35,35,1,15,25,5,25,1,1,144
360,6541169630,Functional-Cardio Workout,1,30,35,1,15,25,5,25,1,1,139
361,6529773104,Run,30,50,100,10,40,35,5,35,25,20,350
362,6524711421,Functional-Cardio Workout,1,30,35,1,20,30,5,25,1,1,149
363,6519829362,Functional-Cardio Workout,1,30,35,1,20,30,5,25,1,1,149
364,6514955025,Functional-Cardio Workout,1,30,35,1,20,35,5,25,1,1,154
365,6503562098,Functional-Cardio Workout,1,25,35,1,15,30,20,5,1,1,134
366,6493436944,Functional-Cardio Workout,1,30,35,1,15,30,20,5,1,1,139
367,6484077795,Run,10,25,40,5,30,30,5,35,25,20,225
368,6478724574,Functional-Cardio Workout,1,15,25,1,20,25,1,35,1,1,125
369,6474137832,Functional-Cardio Workout,1,25,35,1,15,30,20,5,1,1,134
370,6468772697,Functional-Cardio Workout,1,20,25,1,15,25,15,5,1,1,109
371,6457010117,Functional-Cardio Workout,1,25,25,1,10,25,20,5,1,1,114
372,6452964275,Functional-Cardio Workout,1,15,15,1,10,15,15,5,1,1,79
373,6442496042,Run,30,50,100,5,20,25,5,35,15,20,305
374,6393201866,Functional-Cardio Workout,1,15,25,1,15,15,15,5,1,1,94
375,6386754321,Functional-Cardio Workout,1,30,35,1,15,25,5,35,1,1,149
376,6382556153,Functional-Cardio Workout,1,20,25,1,15,30,1,35,1,1,130
377,6380894530,Functional-Cardio Workout,1,30,35,1,20,30,5,35,1,1,159
378,6368099926,Run,25,50,80,5,30,30,5,35,25,20,305
379,6364721341,Functional-Cardio Workout,1,15,25,1,15,25,1,25,1,1,110
380,6358562496,Functional-Cardio Workout,1,25,35,1,20,30,5,35,1,1,154
381,6356762166,Functional-Cardio Workout,1,35,40,1,20,30,5,35,1,1,169
382,6352587859,Functional-Cardio Workout,1,30,35,1,15,30,5,35,1,1,154
383,6348489598,Functional-Cardio Workout,1,10,25,1,20,25,10,5,1,1,99
384,6348489443,Ride,10,50,60,10,20,25,20,5,10,15,225
385,6339167286,Run,10,35,40,5,30,25,5,35,25,20,230
386,6333904871,Functional-Cardio Workout,1,35,40,1,20,30,5,35,1,1,169
387,6332265190,Functional-Cardio Workout,1,30,40,1,15,30,5,35,1,1,159
388,6327695126,Functional-Cardio Workout,1,30,35,1,15,35,5,35,1,1,159
389,6323497045,Functional-Cardio Workout,1,30,40,1,20,30,5,35,1,1,164
390,6319850648,Walk,5,50,35,5,5,10,15,10,5,10,150
391,6306970396,Run,25,50,80,5,30,30,5,35,25,15,300
392,6301002709,Functional-Cardio Workout,1,35,40,1,20,30,5,35,1,1,169
393,6299049799,Functional-Cardio Workout,1,30,35,1,15,35,5,35,1,1,159
394,6294657213,Functional-Cardio Workout,1,20,35,1,20,25,15,5,1,1,124
395,6278708584,Functional-Cardio Workout,1,25,35,1,15,30,5,25,1,1,139
396,6274567234,Functional-Cardio Workout,1,35,40,1,15,30,5,35,1,1,164
397,6272308149,Functional-Cardio Workout,1,30,40,1,30,30,5,35,1,1,174
398,6265449642,Functional-Cardio Workout,1,30,35,1,15,30,5,35,1,1,154
399,6260985080,Functional-Cardio Workout,1,35,40,1,15,30,5,25,1,1,154
400,6242932766,Functional-Cardio Workout,1,35,40,1,15,30,5,35,1,1,164
401,6241015427,Functional-Cardio Workout,1,30,35,1,20,30,5,35,1,1,159
402,6236427447,Functional-Cardio Workout,1,40,40,1,15,30,5,35,1,1,169
403,6231412576,Functional-Cardio Workout,1,30,35,1,20,30,5,35,1,1,159
404,6217154236,Run,10,50,70,5,20,30,5,35,15,15,255
405,6208599412,Functional-Cardio Workout,1,25,35,1,15,25,5,35,1,1,144
406,6201005712,Functional-Cardio Workout,1,30,35,1,15,30,5,35,1,1,154
407,6196530325,Functional-Cardio Workout,1,35,35,1,15,35,10,20,1,1,154
408,6194104705,Functional-Cardio Workout,1,1,5,1,5,10,1,35,1,1,61
409,6189835588,Functional-Cardio Workout,1,35,40,1,15,30,5,35,1,1,164
410,6176293698,Functional-Cardio Workout,1,20,35,1,15,30,5,25,1,1,134
411,6171676290,Functional-Cardio Workout,1,25,35,1,20,30,5,25,1,1,144
412,6166756551,Functional-Cardio Workout,1,35,50,1,20,30,10,20,1,1,169
413,6152072381,Run,10,20,35,5,35,30,1,35,35,0,206
414,6149669381,Functional-Cardio Workout,1,20,25,1,15,30,15,5,1,1,114
415,6145224737,Functional-Cardio Workout,1,20,25,1,15,25,5,25,1,1,119
416,6135662698,Functional-Cardio Workout,1,30,40,1,20,30,5,25,1,1,154
417,6130934413,Functional-Cardio Workout,1,20,25,1,15,30,5,25,1,1,124
418,6123669764,Walk,5,0,25,5,10,10,10,10,10,35,120
419,6123525748,Functional-Cardio Workout,1,10,15,1,10,15,1,35,1,1,90
420,6123464432,Walk,4,40,25,5,5,10,10,10,5,10,124
421,6118500866,Run,10,25,40,5,20,30,5,35,25,20,215
422,6109756279,Functional-Cardio Workout,1,30,35,1,20,35,5,25,1,1,154
423,6101933499,Functional-Cardio Workout,1,30,35,1,15,30,10,5,1,1,129
424,6099896505,Functional-Cardio Workout,1,25,25,1,15,30,20,5,1,1,124
425,6076948576,Functional-Cardio Workout,1,25,35,1,15,30,5,25,1,1,139
426,6074918104,Functional-Cardio Workout,1,25,40,1,35,35,20,5,1,1,164
427,6066841090,Functional-Cardio Workout,1,20,25,1,15,30,5,25,1,1,124
428,6062016496,Functional-Cardio Workout,1,20,25,1,15,30,5,20,1,1,119
429,6042455491,Functional-Cardio Workout,1,25,35,1,15,25,5,20,1,1,129
430,6040364975,Functional-Cardio Workout,1,15,35,1,30,30,15,5,1,1,134
431,6032252465,Functional-Cardio Workout,1,20,25,1,15,30,5,25,1,1,124
432,6027161553,Functional-Cardio Workout,1,20,25,1,15,30,1,35,1,1,130
433,6019326962,Run,5,20,35,5,40,35,5,25,30,20,220
434,6014339215,Functional-Cardio Workout,1,30,40,1,15,25,5,25,1,1,144
435,6009007642,Functional-Cardio Workout,1,40,40,1,15,30,5,25,1,1,159
436,6000996243,Functional-Cardio Workout,1,35,35,1,15,30,5,35,1,1,159
437,5995467254,Functional-Cardio Workout,1,20,25,1,15,30,15,5,1,1,114
438,5990361792,Functional-Cardio Workout,1,25,35,1,15,25,20,5,1,1,129
439,5977670237,Functional-Cardio Workout,1,10,15,1,10,10,10,5,1,1,64
440,5972356129,Functional-Cardio Workout,1,30,40,1,20,30,20,5,1,1,149
441,5965175665,Functional-Cardio Workout,1,25,35,1,15,25,20,5,1,1,129
442,5953199645,Functional-Cardio Workout,1,30,35,1,15,25,10,5,1,1,124
443,5939701019,Walk,3,35,15,5,5,10,15,5,5,10,108
444,5934807167,Functional-Cardio Workout,1,35,35,1,15,15,20,5,1,1,129
445,5929763974,Functional-Cardio Workout,1,35,35,1,15,30,20,5,1,1,144
446,5924075634,Functional-Cardio Workout,1,35,40,1,20,35,10,10,1,1,154
447,5900809934,Functional-Cardio Workout,1,35,40,1,15,30,20,5,1,1,149
448,5896904496,Functional-Cardio Workout,1,10,5,1,5,10,10,5,1,1,49
449,5890809973,Functional-Cardio Workout,1,25,35,1,15,30,20,5,1,1,134
450,5885467592,Walk,1,5,5,1,5,10,10,5,5,10,57
451,5885137338,Functional-Cardio Workout,1,25,25,1,15,15,20,5,1,1,109
452,5879082229,Functional-Cardio Workout,1,35,50,1,20,30,15,5,1,1,159
453,5863950360,Functional-Cardio Workout,1,20,15,1,10,15,15,5,1,1,84
454,5859218764,Functional-Cardio Workout,1,35,15,1,5,10,20,5,1,1,94
455,5853763657,Functional-Cardio Workout,1,30,40,1,20,30,20,5,1,1,149
456,5847520331,Functional-Cardio Workout,1,30,40,1,20,25,20,5,1,1,144
457,5842495083,Functional-Cardio Workout,1,25,35,1,15,30,10,10,1,1,129
458,5825946864,Functional-Cardio Workout,1,0,50,1,15,30,20,5,1,1,124
459,5821067108,Walk,4,30,15,1,10,10,10,5,10,35,130
460,5818098347,Functional-Cardio Workout,1,25,25,1,10,30,20,5,1,1,119
461,5815699476,Functional-Cardio Workout,1,20,35,1,20,35,15,5,1,1,134
462,5804265383,Functional-Cardio Workout,1,20,25,1,10,25,5,10,1,1,99
463,5787866234,Functional-Cardio Workout,1,35,50,1,20,35,5,35,1,1,184
464,5783620797,Functional-Cardio Workout,1,20,15,1,5,10,15,5,1,1,74
465,5776297704,Functional-Cardio Workout,1,25,35,1,20,30,20,5,1,1,139
466,5772699412,Functional-Cardio Workout,1,25,15,1,10,15,20,5,1,1,94
467,5758853482,Functional-Cardio Workout,1,50,40,1,10,30,20,5,1,1,159
468,5750410557,Functional-Cardio Workout,1,40,35,1,10,15,20,5,1,1,129
469,5740377305,Functional-Cardio Workout,1,0,50,1,15,30,20,5,1,1,124
470,5735175604,Walk,2,10,5,5,5,10,10,5,5,10,67
471,5735077707,Functional-Cardio Workout,1,1,5,1,5,10,1,5,1,1,31
472,5728928772,Functional-Cardio Workout,1,30,40,1,15,25,20,5,1,1,139
473,5713329937,Ride,1,50,35,1,10,15,20,5,5,5,147
474,5703513415,Walk,2,30,15,5,10,15,10,5,5,10,107
475,5703338747,Functional-Cardio Workout,1,20,25,1,10,30,15,5,1,1,109
476,5698020487,WeightTraining,1,20,15,1,5,10,15,5,1,1,74
477,5693357615,Functional-Cardio Workout,1,35,40,1,20,30,20,5,1,1,154
478,5686841946,Functional-Cardio Workout,1,15,25,1,15,30,15,5,1,1,109
479,5676518308,WeightTraining,1,0,15,1,5,10,20,5,1,1,59
480,5671778037,Functional-Cardio Workout,1,35,35,1,10,30,20,5,1,1,139
481,5664823642,Functional-Cardio Workout,1,30,35,1,15,25,20,5,1,1,134
482,5654185186,Functional-Cardio Workout,1,35,50,1,30,35,20,5,1,1,179
483,5638909524,Functional-Cardio Workout,1,35,40,1,15,35,20,5,1,1,154
484,5633806543,Functional-Cardio Workout,1,20,35,1,15,30,15,5,1,1,124
485,5565733254,Functional-Cardio Workout,1,25,35,1,15,25,5,35,1,1,144
486,5560058468,Functional-Cardio Workout,1,50,70,1,20,30,20,5,1,1,199
487,5554215757,Functional-Cardio Workout,1,35,25,1,10,25,20,5,1,1,124
488,5549420628,Functional-Cardio Workout,1,10,15,1,15,30,10,5,1,1,89
489,5545512088,Functional-Cardio Workout,1,20,35,1,15,25,15,5,1,1,119
490,5528088779,Functional-Cardio Workout,1,30,40,1,20,25,20,5,1,1,144
491,5525210690,WeightTraining,1,0,25,1,10,10,20,5,1,1,74
492,5519604289,Walk,3,0,15,5,5,15,15,5,5,10,78
493,5519405861,Functional-Cardio Workout,1,50,60,1,15,25,20,5,1,1,179
494,5513792357,Functional-Cardio Workout,1,0,40,1,15,25,20,5,1,1,109
495,5492692239,Walk,3,0,15,5,5,10,15,5,5,10,73
496,5492415487,Functional-Cardio Workout,1,25,25,1,15,25,1,35,1,1,130
497,5487741554,Functional-Cardio Workout,1,0,40,1,15,30,20,5,1,1,114
498,5482573251,WeightTraining,1,35,25,1,10,15,20,5,1,1,114
499,5471646872,Functional-Cardio Workout,1,50,70,1,20,30,20,5,1,1,199
500,5448019778,Functional-Cardio Workout,1,25,25,1,30,25,20,5,1,1,134
501,5437694761,Functional-Cardio Workout,1,15,25,1,15,25,15,5,1,1,104
502,5431611639,Functional-Cardio Workout,1,45,70,1,30,30,20,5,1,1,204
503,5413394300,Functional-Cardio Workout,1,50,60,1,20,30,20,5,1,1,189
504,5403837645,Functional-Cardio Workout,1,25,35,1,15,35,20,5,1,1,139
505,5397331100,Functional-Cardio Workout,1,25,35,1,20,25,20,5,1,1,134
506,5391320188,Functional-Cardio Workout,1,45,35,1,10,15,20,5,1,1,134
507,5373437603,Functional-Cardio Workout,1,25,35,1,15,30,20,5,1,1,134
508,5369005403,Functional-Cardio Workout,1,30,35,1,15,30,20,5,1,1,139
509,5363798845,Functional-Cardio Workout,1,25,35,1,15,25,20,5,1,1,129
510,5358675721,Functional-Cardio Workout,1,50,40,1,10,30,20,5,1,1,159
511,5357931763,Functional-Cardio Workout,1,15,35,1,20,25,15,5,1,1,119
512,5352289456,Functional-Cardio Workout,1,30,40,1,20,25,20,5,1,1,144
513,5340826688,WeightTraining,1,50,40,1,10,15,20,5,1,1,144
514,5335683743,Functional-Cardio Workout,1,35,40,1,20,25,20,5,1,1,149
515,5325671228,Functional-Cardio Workout,1,35,40,1,15,30,20,5,1,1,149
516,5320430365,Functional-Cardio Workout,1,25,35,1,20,35,20,5,1,1,144
517,5313699677,Functional-Cardio Workout,1,45,70,1,30,30,20,5,1,1,204
518,5296852005,Functional-Cardio Workout,1,35,50,1,20,30,20,5,1,1,164
519,5291883344,Functional-Cardio Workout,1,35,35,1,15,25,20,5,1,1,139
520,5285057593,Run,25,50,90,5,35,35,5,35,15,15,310
521,5278157571,Functional-Cardio Workout,1,45,50,1,15,30,20,5,1,1,169
522,5247210159,Functional-Cardio Workout,1,40,50,1,15,30,20,5,1,1,164
523,5237194093,Functional-Cardio Workout,1,50,60,1,15,30,10,25,1,1,194
524,5214820639,Functional-Cardio Workout,1,0,40,1,15,25,20,5,1,1,109
525,5210895183,Functional-Cardio Workout,1,40,40,1,15,15,20,5,1,1,139
526,5205093412,Functional-Cardio Workout,1,30,40,1,15,25,20,5,1,1,139
527,5196683003,Functional-Cardio Workout,1,0,40,1,10,30,20,5,1,1,109
528,5179739192,WeightTraining,1,45,25,1,10,15,20,5,1,1,124
529,5169370331,Functional-Cardio Workout,1,30,15,1,10,15,20,5,1,1,99
530,5163867163,Functional-Cardio Workout,1,35,40,1,15,25,20,5,1,1,144
531,5156608015,Functional-Cardio Workout,1,40,35,1,10,15,20,5,1,1,129
532,5152337963,Functional-Cardio Workout,1,10,15,1,10,15,10,5,1,1,69
533,5139234747,Functional-Cardio Workout,1,50,90,1,15,35,20,5,1,1,219
534,5133993504,Functional-Cardio Workout,1,35,50,1,20,35,20,5,1,1,169
535,5127986917,Functional-Cardio Workout,1,35,40,1,20,30,20,5,1,1,154
536,5121828473,Functional-Cardio Workout,1,35,40,1,15,30,10,20,1,1,154
537,5115615460,Functional-Cardio Workout,1,40,50,1,30,30,20,5,1,1,179
538,5095684033,Functional-Cardio Workout,1,40,35,1,10,30,20,5,1,1,144
539,5093004935,Functional-Cardio Workout,1,25,40,1,20,30,20,5,1,1,144
540,5087045370,Functional-Cardio Workout,1,40,50,1,20,35,20,5,1,1,174
541,5078917328,Functional-Cardio Workout,1,35,35,1,15,30,20,5,1,1,144
542,5074876104,Functional-Cardio Workout,1,0,40,1,15,25,20,5,1,1,109
543,5011166637,Functional-Cardio Workout,1,15,25,1,15,25,15,5,1,1,104
544,5004418150,Functional-Cardio Workout,1,50,70,1,20,30,20,5,1,1,199
545,4992825114,Functional-Cardio Workout,1,0,40,1,10,25,10,20,1,1,109
546,4987694582,Functional-Cardio Workout,1,15,15,1,10,15,15,5,1,1,79
547,4975447653,Functional-Cardio Workout,1,15,25,1,15,25,10,5,1,1,99
548,4970468207,Functional-Cardio Workout,1,35,35,1,10,25,20,5,1,1,134
549,4964728826,Functional-Cardio Workout,1,10,15,1,15,25,10,5,1,1,84
550,4957528338,Run,10,30,50,5,30,30,5,35,25,15,235
551,4952868127,Functional-Cardio Workout,1,40,40,1,15,25,20,5,1,1,149
552,4935645950,Functional-Cardio Workout,1,50,70,1,10,15,20,5,1,1,174
553,4929923924,Functional-Cardio Workout,1,50,80,1,10,30,20,5,1,1,199
554,4925668855,Functional-Cardio Workout,1,40,40,1,15,30,1,35,1,1,165
555,4920636848,Functional-Cardio Workout,1,25,35,1,20,30,5,25,1,1,144
556,4915185469,Functional-Cardio Workout,1,30,35,1,15,30,20,5,1,1,139
557,4901894948,Functional-Cardio Workout,1,50,40,1,10,15,20,5,1,1,144
558,4894973720,Functional-Cardio Workout,1,50,60,1,10,25,20,5,1,1,174
559,4886529054,Functional-Cardio Workout,1,25,25,1,10,30,20,5,1,1,119
560,4880666958,Functional-Cardio Workout,1,45,50,1,15,25,20,5,1,1,164
561,4874146922,Functional-Cardio Workout,1,35,40,1,15,30,20,5,1,1,149
562,4860987639,Functional-Cardio Workout,1,35,35,1,10,25,20,5,1,1,134
563,4855077172,Walk,2,25,15,5,5,10,10,5,5,10,92
564,4854893423,Functional-Cardio Workout,1,30,35,1,10,25,20,5,1,1,129
565,4850701851,Functional-Cardio Workout,1,10,15,1,10,15,10,5,1,1,69
566,4845169334,Functional-Cardio Workout,1,45,50,1,15,25,20,5,1,1,164
567,4838630993,Yoga,1,15,5,1,5,10,15,5,1,1,59
568,4832500182,Functional-Cardio Workout,1,25,35,1,15,25,20,5,1,1,129
569,4827427464,Functional-Cardio Workout,1,25,35,1,15,30,20,5,1,1,134
570,4809641756,Functional-Cardio Workout,1,25,35,1,20,30,20,5,1,1,139
571,4804756058,Functional-Cardio Workout,1,30,35,1,20,30,20,5,1,1,144
572,4799257614,Functional-Cardio Workout,1,25,35,1,20,30,20,5,1,1,139
573,4792927722,Functional-Cardio Workout,1,35,40,1,15,25,20,5,1,1,144
574,4783185509,Functional-Cardio Workout,1,0,25,1,10,15,20,5,1,1,79
575,4773163688,Functional-Cardio Workout,1,35,25,1,10,15,20,5,1,1,114
576,4767157186,Functional-Cardio Workout,1,15,25,1,20,25,15,5,1,1,109
577,4763079712,Functional-Cardio Workout,1,30,35,1,20,30,20,5,1,1,144
578,4756274364,Functional-Cardio Workout,1,25,40,1,20,25,20,5,1,1,139
579,4747434122,Functional-Cardio Workout,1,20,35,1,15,35,15,5,1,1,129
580,4741205103,Functional-Cardio Workout,1,35,40,1,15,15,20,5,1,1,134
581,4734128026,Functional-Cardio Workout,1,15,25,1,15,25,15,5,1,1,104
582,4730136600,Functional-Cardio Workout,1,30,40,1,20,30,1,35,1,1,160
583,4724827491,Functional-Cardio Workout,1,25,35,1,20,35,20,5,1,1,144
584,4718449246,Functional-Cardio Workout,1,35,35,1,15,30,20,5,1,1,144
585,4707904863,Functional-Cardio Workout,1,30,40,1,15,25,5,25,1,1,144
586,4702683752,Functional-Cardio Workout,1,35,40,1,15,30,20,5,1,1,149
587,4697880004,Functional-Cardio Workout,1,50,60,1,15,25,20,5,1,1,179
588,4697090333,Functional-Cardio Workout,1,1,5,1,5,10,1,35,1,1,61
589,4691366730,Functional-Cardio Workout,1,45,40,1,10,25,20,5,1,1,149
590,4684363148,Functional-Cardio Workout,1,35,40,1,15,35,20,5,1,1,154
591,4681572902,Functional-Cardio Workout,1,15,25,1,15,30,15,5,1,1,109
592,4676730531,Functional-Cardio Workout,1,35,40,1,20,35,20,5,1,1,159
593,4670974590,Functional-Cardio Workout,1,25,15,1,5,15,20,5,1,1,89
594,4664901973,Functional-Cardio Workout,1,25,35,1,20,35,20,5,1,1,144
595,4659292830,Functional-Cardio Workout,1,35,40,1,15,30,20,5,1,1,149
596,4654675027,Functional-Cardio Workout,1,25,35,1,20,30,20,5,1,1,139
597,4648822139,Functional-Cardio Workout,1,35,40,1,15,30,20,5,1,1,149
598,4643647780,Functional-Cardio Workout,1,45,50,1,15,30,1,35,1,1,180
599,4632067500,Functional-Cardio Workout,1,25,35,1,20,30,1,35,1,1,150
600,4626041247,Functional-Cardio Workout,1,25,35,1,20,30,10,5,1,1,129
601,4620671164,Functional-Cardio Workout,1,0,40,1,10,30,20,5,1,1,109
602,4616918075,Yoga,1,25,5,1,5,10,20,5,1,1,74
603,4612179691,Functional-Cardio Workout,1,5,15,1,30,35,1,25,1,1,115
604,4603864941,Functional-Cardio Workout,1,35,40,1,15,25,10,20,1,1,149
605,4601727285,Functional-Cardio Workout,1,20,25,1,20,30,5,20,1,1,124
606,4595027697,Functional-Cardio Workout,1,40,40,1,15,30,20,5,1,1,154
607,4589564300,Functional-Cardio Workout,1,35,35,1,15,30,15,5,1,1,139
608,4584977254,WeightTraining,1,35,35,1,15,30,20,5,1,1,144
609,4579063556,WeightTraining,1,30,40,1,20,25,20,5,1,1,144
610,4573463381,WeightTraining,1,25,25,1,10,15,20,5,1,1,104
611,4565923712,Functional-Cardio Workout,1,20,25,1,15,30,5,25,1,1,124
612,4551706506,Functional-Cardio Workout,1,25,35,1,20,30,20,5,1,1,139
613,4545915819,Functional-Cardio Workout,1,25,25,1,10,15,10,5,1,1,94
614,4536718987,WeightTraining,1,20,15,1,5,15,15,5,1,1,79
615,4517342532,WeightTraining,1,30,35,1,15,15,20,5,1,1,124
616,4513706567,Yoga,1,10,5,1,5,10,10,5,1,1,49
617,4509937522,Functional-Cardio Workout,1,40,40,1,20,30,10,20,1,1,164
618,4506326857,Functional-Cardio Workout,1,15,25,1,20,30,10,5,1,1,109
619,4501972950,WeightTraining,1,35,35,1,15,25,20,5,1,1,139
620,4498529130,Functional-Cardio Workout,1,20,35,1,20,35,5,25,1,1,144
621,4492718676,WeightTraining,1,25,35,1,20,30,20,5,1,1,139
622,4484917666,WeightTraining,1,5,15,1,15,15,10,5,1,1,69
623,4479520037,WeightTraining,1,5,15,1,20,30,10,5,1,1,89
624,4476585460,Ride,1,50,60,1,15,25,20,5,5,5,187
625,4472934653,WeightTraining,1,20,25,1,10,15,15,5,1,1,94
626,4472843503,Functional-Cardio Workout,1,1,5,1,15,15,5,5,1,1,50
627,4468614284,Functional-Cardio Workout,1,10,25,1,30,30,1,20,1,1,120
628,4468614083,Ride,15,50,40,5,10,15,20,5,15,20,195
629,4464258507,WeightTraining,1,15,15,1,15,15,15,5,1,1,84
630,4464175522,Ride,1,40,40,1,15,15,20,5,5,5,147
631,4447470450,Ride,1,0,40,1,15,25,20,5,5,5,117
632,4443800257,WeightTraining,1,1,5,1,10,15,5,5,1,1,45
633,4443766710,Functional-Cardio Workout,1,30,35,1,15,30,20,5,1,1,139
634,4433872817,Functional-Cardio Workout,1,25,35,1,15,30,5,35,1,1,149
635,4428490221,Functional-Cardio Workout,1,25,35,1,20,25,20,5,1,1,134
636,4426687692,Functional-Cardio Workout,1,15,25,1,30,30,15,5,1,1,124
637,4416547886,Run,10,0,50,5,15,15,5,35,15,20,170
638,4414219567,WeightTraining,1,15,25,1,15,25,15,5,1,1,104
639,4410131989,WeightTraining,1,40,25,1,10,15,20,5,1,1,119
640,4403171889,WeightTraining,1,25,35,1,20,25,20,5,1,1,134
641,4402983140,Functional-Cardio Workout,1,1,5,1,10,15,1,5,1,1,41
642,4395781145,Functional-Cardio Workout,1,1,5,1,15,15,1,5,1,1,46
643,4395762133,WeightTraining,1,35,25,1,10,15,20,5,1,1,114
644,4395672341,Functional-Cardio Workout,1,5,15,1,15,15,10,5,1,1,69
645,4388621298,Run,25,50,90,5,30,30,5,35,15,15,300
646,4386058345,WeightTraining,1,30,35,1,15,15,20,5,1,1,124
647,4385898009,Functional-Cardio Workout,1,1,15,1,30,25,5,5,1,1,85
648,4381362900,Run,1,5,5,1,5,5,10,5,1,1,39
649,4381303295,Run,1,1,5,1,5,5,5,5,1,1,30
650,4376927496,Run,30,50,100,5,5,5,20,5,15,20,255
651,4364591178,Run,1,1,5,1,5,5,5,5,1,1,30
652,4364471732,Run,10,50,90,5,5,5,20,5,15,15,220
653,4361668103,Run,1,10,5,1,5,5,10,5,1,1,44
654,4280596333,Run,25,50,90,5,5,5,20,5,15,20,240
655,4262058950,Run,30,50,100,5,5,5,20,5,15,20,255
656,4224257664,Run,10,50,80,5,5,5,20,5,15,20,215
657,4215572416,Run,5,15,35,5,5,5,15,5,25,20,135
658,4192009064,Run,5,25,40,5,5,5,20,5,15,20,145
659,4132992629,Run,5,30,40,5,5,5,20,5,15,30,160
660,3557682383,Run,5,20,35,5,5,5,15,5,15,25,135
661,3547418838,Run,5,25,35,5,5,5,20,5,15,20,140
662,3517497833,Run,5,20,35,5,5,5,15,5,15,20,130
663,3516568449,Ride,15,30,5,5,5,5,20,5,20,30,140
664,3509004014,Run,5,30,40,5,5,5,20,5,15,20,150
665,3496090180,Run,5,25,35,5,5,5,20,5,10,20,135
666,3483200309,Run,5,30,40,5,5,5,20,5,15,25,155
