,activity_id,sport_type,distance,workout_time_min,calories,total_elevation_gain,average_speed_km/h,max_speed_km/h,average_heartrate,max_heartrate,avg_time_per_lap,lap_count,distance_score,workout_time_score,calorie_score,total_elevation_gain_score,average_heartrate_score,max_heartrate_score,avg_time_per_lap_score,lap_count_score,avg_speed_score,max_speed_score
0,8885873542,Run,5.5,41.83,449.0,48.0,8.744399999999999,14.5728,151.4,164.0,6.966666667,6,10,35,40,5,20,15,5,35,15,15
1,8879705626,Functional-Cardio Workout,0.0,31.97,344.0,0.0,0.0,0.0,146.7,178.0,5.318333333,6,1,25,35,1,20,30,5,35,1,1
2,8875392009,Functional-Cardio Workout,0.0,16.2,194.0,0.0,0.0,0.0,150.0,179.0,5.393333333,3,1,10,15,1,20,30,5,10,1,1
3,8869251524,Functional-Cardio Workout,0.0,20.45,246.0,0.0,0.0,0.0,147.2,168.0,4.076,5,1,15,25,1,20,25,1,25,1,1
4,8862861001,Yoga,0.0,19.78,106.0,0.0,0.0,0.0,100.6,140.0,19.78,1,1,10,15,1,10,15,10,5,1,1
5,8857166258,Functional-Cardio Workout,0.0,28.65,304.0,0.0,0.0,0.0,139.9,170.0,5.724,5,1,20,35,1,15,25,5,25,1,1
6,8849667738,Functional-Cardio Workout,0.0,28.93,312.0,0.0,0.0,0.0,138.8,170.0,4.813333333,6,1,20,35,1,15,25,1,35,1,1
7,8834354201,WeightTraining,0.0,33.1,310.0,0.0,0.0,0.0,129.0,164.0,33.1,1,1,25,35,1,10,15,20,5,1,1
8,8828116209,Functional-Cardio Workout,0.0,26.2,258.0,0.0,0.0,0.0,139.5,173.0,5.23,5,1,20,25,1,15,25,5,25,1,1
9,8821557138,Functional-Cardio Workout,0.0,41.62,345.0,0.0,0.0,0.0,126.8,174.0,8.326,5,1,35,35,1,10,25,5,25,1,1
10,8815449705,Run,8.29,61.07,768.0,31.0,8.1432,12.78,165.7,187.0,6.777777778,9,10,50,70,5,35,35,5,35,15,15
11,8806111423,Functional-Cardio Workout,0.0,37.9,363.0,0.0,0.0,0.0,145.9,188.0,4.7275,8,1,30,35,1,20,35,1,35,1,1
12,8799988893,Functional-Cardio Workout,0.0,21.6,246.0,0.0,0.0,0.0,145.4,170.0,4.312,5,1,15,25,1,20,25,1,25,1,1
13,8794698723,Functional-Cardio Workout,0.0,32.7,331.0,0.0,0.0,0.0,138.5,168.0,5.438333333,6,1,25,35,1,15,25,5,35,1,1
14,8789089604,Functional-Cardio Workout,0.0,27.27,320.0,0.0,0.0,0.0,143.5,170.0,5.444,5,1,20,35,1,15,25,5,25,1,1
15,8771323929,Functional-Cardio Workout,0.0,23.32,264.0,0.0,0.0,0.0,143.7,171.0,3.878333333,6,1,15,25,1,15,25,1,35,1,1
16,8766877503,Functional-Cardio Workout,0.0,38.32,377.0,0.0,0.0,0.0,133.5,171.0,7.654,5,1,30,35,1,15,25,5,25,1,1
17,8760859967,Functional-Cardio Workout,0.0,29.08,361.0,0.0,0.0,0.0,152.0,184.0,5.802,5,1,20,35,1,20,30,5,25,1,1
18,8749434921,Functional-Cardio Workout,0.0,55.62,461.0,0.0,0.0,0.0,141.3,184.0,9.265,6,1,45,40,1,15,30,5,35,1,1
19,8726475508,Functional-Cardio Workout,0.0,21.72,247.0,0.0,0.0,0.0,139.6,165.0,4.336,5,1,15,25,1,15,25,1,25,1,1
20,8721204362,Functional-Cardio Workout,0.0,34.07,323.0,0.0,0.0,0.0,132.2,170.0,6.808,5,1,25,35,1,15,25,5,25,1,1
21,8715744482,MountainBikeRide,19.84,95.3,571.0,260.0,14.263200000000001,34.7184,117.6,144.0,31.75,3,25,50,50,15,10,15,20,10,20,25
22,8710745438,Functional-Cardio Workout,0.0,46.5,371.0,0.0,0.0,0.0,127.2,163.0,9.294,5,1,40,35,1,10,15,5,25,1,1
23,8698197610,Functional-Cardio Workout,0.0,31.3,332.0,0.0,0.0,0.0,144.2,173.0,6.254,5,1,25,35,1,15,25,5,25,1,1
24,8693453841,Hike,8.78,186.55,893.0,452.0,3.8916,8.1432,113.7,152.0,186.55,1,5,50,80,25,10,15,20,5,5,10
25,8688907431,MountainBikeRide,13.48,75.07,513.0,160.0,13.064400000000001,26.733600000000003,125.9,156.0,37.525,2,20,50,50,10,10,15,20,5,15,20
26,8683360176,Functional-Cardio Workout,0.0,107.15,448.0,0.0,0.0,0.0,106.7,158.0,17.84166667,6,1,50,40,1,10,15,10,35,1,1
27,8677673116,Functional-Cardio Workout,0.0,48.5,435.0,0.0,0.0,0.0,127.2,158.0,8.076666667,6,1,40,40,1,10,15,5,35,1,1
28,8672944578,Walk,6.29,112.32,425.0,43.0,3.9708,7.009200000000001,82.1,98.0,28.045,4,5,50,40,5,5,10,15,20,5,10
29,8672611987,Ride,0.0,47.92,133.0,0.0,0.0,0.0,80.8,91.0,47.9,1,1,40,15,1,5,10,20,5,5,5
30,8655132144,Functional-Cardio Workout,0.0,37.58,400.0,0.0,0.0,0.0,140.6,173.0,6.255,6,1,30,40,1,15,25,5,35,1,1
31,8650266138,Functional-Cardio Workout,0.0,57.88,561.0,0.0,0.0,0.0,146.1,181.0,57.88,1,1,45,50,1,20,30,20,5,1,1
32,8644587607,Functional-Cardio Workout,0.0,36.9,367.0,0.0,0.0,0.0,148.2,177.0,7.372,5,1,30,35,1,20,30,5,25,1,1
33,8639260773,MountainBikeRide,12.71,53.33,457.0,169.0,15.4908,34.8984,128.1,157.0,26.65,2,20,0,40,10,10,15,15,5,20,25
34,8633145882,Run,6.09,39.5,477.0,59.0,10.087200000000001,18.6768,156.0,169.0,5.635714286,7,10,30,40,5,30,25,5,35,30,20
35,8611884034,Functional-Cardio Workout,0.0,6.43,0.0,0.0,0.0,0.0,77.3,84.0,0.08012658228,79,1,1,5,1,5,10,1,35,1,1
36,8606708676,Functional-Cardio Workout,0.0,35.42,335.0,0.0,0.0,0.0,135.2,167.0,7.072,5,1,30,35,1,15,25,5,25,1,1
37,8600932618,Functional-Cardio Workout,0.0,16.6,218.0,0.0,0.0,0.0,153.7,173.0,3.31,5,1,10,25,1,20,25,1,25,1,1
38,8600850460,MountainBikeRide,14.01,76.98,571.0,187.0,13.41,29.97,133.2,166.0,38.49,2,20,50,50,10,15,25,20,5,15,20
39,8594917333,Run,6.08,43.68,524.0,91.0,8.3664,13.3812,158.2,174.0,6.228571429,7,10,35,50,5,30,25,5,35,15,15
40,8587870096,Functional-Cardio Workout,0.0,19.68,209.0,0.0,0.0,0.0,141.1,171.0,3.926,5,1,10,25,1,15,25,1,25,1,1
41,8587667353,Run,6.13,41.67,485.0,82.0,8.838000000000001,15.3792,145.4,167.0,5.942857143,7,10,35,40,5,20,25,5,35,15,20
42,8578513389,MountainBikeRide,6.63,59.43,226.0,103.0,11.34,27.1152,109.0,133.0,59.43,1,10,45,25,10,10,15,20,5,10,20
43,8573739485,Run,5.02,33.63,394.0,53.0,10.206,15.562800000000001,150.9,166.0,5.598333333,6,10,25,35,5,20,25,5,35,30,20
44,8567397324,Functional-Cardio Workout,0.0,43.3,416.0,0.0,0.0,0.0,140.8,186.0,7.21,6,1,35,40,1,15,35,5,35,1,1
45,8562727659,MountainBikeRide,14.05,79.17,574.0,190.0,13.3956,26.258399999999998,130.5,161.0,39.57,2,20,50,50,10,15,15,20,5,15,20
46,8556464236,Functional-Cardio Workout,0.0,30.8,337.0,0.0,0.0,0.0,147.1,173.0,6.148,5,1,25,35,1,20,25,5,25,1,1
47,8545358774,MountainBikeRide,12.48,72.77,418.0,142.0,13.2696,33.8688,117.6,150.0,36.375,2,20,50,40,10,10,15,20,5,15,25
48,8538434119,TrailRun,6.0,88.95,546.0,346.0,5.8751999999999995,14.0688,137.6,177.0,17.782,5,10,50,50,20,15,30,10,25,10,15
49,8534745466,Functional-Cardio Workout,0.0,52.23,462.0,0.0,0.0,0.0,136.8,189.0,8.698333333,6,1,0,40,1,15,35,5,35,1,1
50,8529443857,MountainBikeRide,12.17,57.07,403.0,158.0,13.4028,34.516799999999996,119.9,140.0,28.5,2,20,45,40,10,10,15,15,5,15,25
51,8522824035,Functional-Cardio Workout,0.0,58.52,562.0,0.0,0.0,0.0,141.2,169.0,14.62,4,1,45,50,1,15,25,10,20,1,1
52,8517243835,Functional-Cardio Workout,0.0,29.45,330.0,0.0,0.0,0.0,141.5,168.0,5.884,5,1,20,35,1,15,25,5,25,1,1
53,8517243161,Run,1.79,10.33,135.0,26.0,10.404,15.523200000000001,152.9,170.0,5.175,2,5,5,15,5,20,25,5,5,30,20
54,8504441796,Run,10.83,66.47,893.0,57.0,9.7848,16.8984,168.5,195.0,6.037272727,11,25,50,80,5,35,35,5,35,25,20
55,8499814764,Functional-Cardio Workout,0.0,36.85,271.0,0.0,0.0,0.0,128.3,171.0,6.14,6,1,30,25,1,10,25,5,35,1,1
56,8495754250,Functional-Cardio Workout,0.0,31.9,396.0,0.0,0.0,0.0,149.3,174.0,5.311666667,6,1,25,35,1,20,25,5,35,1,1
57,8490538352,Functional-Cardio Workout,0.0,41.6,457.0,0.0,0.0,0.0,145.7,179.0,6.923333333,6,1,35,40,1,20,30,5,35,1,1
58,8484883685,Functional-Cardio Workout,0.0,20.03,185.0,0.0,0.0,0.0,126.3,150.0,4.002,5,1,15,15,1,10,15,1,25,1,1
59,8484745146,Run,7.05,55.42,573.0,77.0,8.708400000000001,18.4968,151.5,169.0,6.91875,8,10,45,50,5,20,25,5,35,15,20
60,8479818986,Functional-Cardio Workout,0.0,42.6,454.0,0.0,0.0,0.0,139.2,174.0,7.095,6,1,35,40,1,15,25,5,35,1,1
61,8465791898,Functional-Cardio Workout,0.0,24.97,234.0,0.0,0.0,0.0,128.7,159.0,4.982,5,1,15,25,1,10,15,1,25,1,1
62,8461910392,Functional-Cardio Workout,0.0,31.8,285.0,0.0,0.0,0.0,130.8,172.0,15.895,2,1,25,25,1,15,25,10,5,1,1
63,8457098599,Functional-Cardio Workout,0.0,36.15,375.0,0.0,0.0,0.0,139.7,175.0,5.158571429,7,1,30,35,1,15,30,5,35,1,1
64,8452224343,Ride,0.0,33.88,220.0,0.0,0.0,0.0,110.2,136.0,33.88,1,1,25,25,1,10,15,20,5,5,5
65,8446679630,Functional-Cardio Workout,0.0,49.67,495.0,0.0,0.0,0.0,137.9,171.0,7.085714286,7,1,40,40,1,15,25,5,35,1,1
66,8439721111,Yoga,0.0,37.3,119.0,0.0,0.0,0.0,86.3,115.0,37.3,1,1,30,15,1,5,10,20,5,1,1
67,8429193772,Run,16.04,104.88,1275.0,79.0,9.6516,12.884400000000001,156.5,181.0,6.161764706,17,30,50,100,5,30,30,5,35,25,15
68,8424857940,Functional-Cardio Workout,0.0,31.57,229.0,0.0,0.0,0.0,115.9,154.0,15.785,2,1,25,25,1,10,15,10,5,1,1
69,8419959787,Functional-Cardio Workout,0.0,77.7,667.0,0.0,0.0,0.0,136.6,169.0,12.945,6,1,50,60,1,15,25,10,35,1,1
70,8415022100,TrailRun,4.86,39.73,404.0,92.0,8.017199999999999,13.1256,146.5,161.0,9.93,4,5,30,40,5,20,15,5,20,15,15
71,8409055741,Functional-Cardio Workout,0.0,76.75,825.0,0.0,0.0,0.0,150.2,179.0,15.338,5,1,50,80,1,20,30,10,25,1,1
72,8403997888,Functional-Cardio Workout,0.0,61.48,586.0,0.0,0.0,0.0,143.0,181.0,10.24166667,6,1,50,50,1,15,30,10,35,1,1
73,8398211855,Run,8.73,57.55,726.0,90.0,9.3024,20.2392,160.3,178.0,6.386666667,9,10,45,70,5,30,30,5,35,25,0
74,8397964746,Functional-Cardio Workout,0.0,14.65,191.0,0.0,0.0,0.0,151.2,174.0,14.65,1,1,5,15,1,20,25,10,5,1,1
75,8387758742,Functional-Cardio Workout,0.0,33.48,258.0,0.0,0.0,0.0,118.6,157.0,8.365,4,1,25,25,1,10,15,5,20,1,1
76,8382922540,Run,12.36,89.93,997.0,130.0,8.3484,22.982400000000002,151.5,179.0,6.91,13,25,50,90,10,20,30,5,35,15,0
77,8377330507,MountainBikeRide,12.44,62.42,510.0,169.0,12.736799999999999,35.5176,126.9,159.0,31.185,2,20,50,50,10,10,15,20,5,15,30
78,8371717528,Functional-Cardio Workout,0.0,26.02,289.0,0.0,0.0,0.0,137.4,163.0,8.66,3,1,20,25,1,15,15,5,10,1,1
79,8366744076,Functional-Cardio Workout,0.0,31.57,311.0,0.0,0.0,0.0,137.3,173.0,5.253333333,6,1,25,35,1,15,25,5,35,1,1
80,8361203713,Functional-Cardio Workout,0.0,32.68,310.0,0.0,0.0,0.0,138.6,174.0,16.345,2,1,25,35,1,15,25,10,5,1,1
81,8349952043,Functional-Cardio Workout,0.0,48.33,361.0,0.0,0.0,0.0,124.2,176.0,16.10666667,3,1,40,35,1,10,30,10,10,1,1
82,8345023058,Functional-Cardio Workout,0.0,35.13,374.0,0.0,0.0,0.0,138.1,167.0,35.12,1,1,30,35,1,15,25,20,5,1,1
83,8339517521,Functional-Cardio Workout,0.0,52.87,580.0,0.0,0.0,0.0,144.4,177.0,13.21,4,1,0,50,1,15,30,10,20,1,1
84,8334285682,Run,4.62,30.37,352.0,7.0,9.3528,16.632,148.3,179.0,6.058,5,5,25,35,5,20,30,5,25,25,20
85,8329288562,Functional-Cardio Workout,0.0,45.37,508.0,0.0,0.0,0.0,144.1,178.0,11.3325,4,1,40,50,1,15,30,10,20,1,1
86,8323038910,Functional-Cardio Workout,0.0,53.9,494.0,0.0,0.0,0.0,135.8,163.0,10.778,5,1,0,40,1,15,15,10,25,1,1
87,8318058695,Functional-Cardio Workout,0.0,27.27,338.0,0.0,0.0,0.0,150.5,178.0,6.805,4,1,20,35,1,20,30,5,20,1,1
88,8314003228,Functional-Cardio Workout,0.0,27.55,326.0,0.0,0.0,0.0,144.9,174.0,5.5,5,1,20,35,1,15,25,5,25,1,1
89,8304820435,Functional-Cardio Workout,0.0,40.07,424.0,0.0,0.0,0.0,139.0,180.0,10.0125,4,1,35,40,1,15,30,10,20,1,1
90,8300432096,Functional-Cardio Workout,0.0,36.52,336.0,0.0,0.0,0.0,134.8,165.0,12.16666667,3,1,30,35,1,15,25,10,10,1,1
91,8290365391,Functional-Cardio Workout,0.0,36.1,183.0,0.0,0.0,0.0,111.2,141.0,36.1,1,1,30,15,1,10,15,20,5,1,1
92,8287265002,Functional-Cardio Workout,0.0,52.47,551.0,0.0,0.0,0.0,139.1,166.0,10.482,5,1,0,50,1,15,25,10,25,1,1
93,8283247244,Functional-Cardio Workout,0.0,31.88,346.0,0.0,0.0,0.0,140.9,165.0,7.9675,4,1,25,35,1,15,25,5,20,1,1
94,8280431309,Functional-Cardio Workout,0.0,30.5,283.0,0.0,0.0,0.0,128.1,159.0,7.615,4,1,25,25,1,10,15,5,20,1,1
95,8276678772,Functional-Cardio Workout,0.0,30.93,360.0,0.0,0.0,0.0,143.1,165.0,7.725,4,1,25,35,1,15,25,5,20,1,1
96,8272535392,Functional-Cardio Workout,0.0,40.47,467.0,0.0,0.0,0.0,147.7,177.0,20.225,2,1,35,40,1,20,30,15,5,1,1
97,8272535301,Functional-Cardio Workout,0.0,51.85,599.0,0.0,0.0,0.0,149.5,182.0,10.364,5,1,0,50,1,20,30,10,25,1,1
98,8264840790,Functional-Cardio Workout,0.0,37.15,367.0,0.0,0.0,0.0,134.1,172.0,9.285,4,1,30,35,1,15,25,5,20,1,1
99,8264742904,TrailRun,8.44,71.13,694.0,155.0,8.344800000000001,15.264000000000001,152.0,171.0,11.85166667,6,10,50,60,10,20,25,10,35,15,20
100,8256810166,Functional-Cardio Workout,0.0,28.23,308.0,0.0,0.0,0.0,146.9,173.0,28.23,1,1,20,35,1,20,25,15,5,1,1
101,8253528404,Functional-Cardio Workout,0.0,51.28,402.0,0.0,0.0,0.0,129.5,167.0,12.8125,4,1,0,40,1,10,25,10,20,1,1
102,8245669298,Functional-Cardio Workout,0.0,47.02,513.0,0.0,0.0,0.0,146.1,179.0,11.7525,4,1,40,50,1,20,30,10,20,1,1
103,8241317810,Run,7.47,53.22,583.0,66.0,9.306000000000001,14.968800000000002,154.0,172.0,6.6425,8,10,0,50,5,20,25,5,35,25,15
104,8229088227,Functional-Cardio Workout,0.0,40.78,357.0,0.0,0.0,0.0,143.0,166.0,8.14,5,1,35,35,1,15,25,5,25,1,1
105,8225784809,Functional-Cardio Workout,0.0,43.75,445.0,0.0,0.0,0.0,138.2,167.0,10.9275,4,1,35,40,1,15,25,10,20,1,1
106,8221018861,Functional-Cardio Workout,0.0,22.2,239.0,0.0,0.0,0.0,136.0,168.0,22.2,1,1,15,25,1,15,25,15,5,1,1
107,8217650720,Run,0.56,3.38,44.0,4.0,10.0008,13.248000000000001,158.7,166.0,3.38,1,5,1,5,5,30,25,1,5,30,15
108,8217650717,Run,9.95,148.75,828.0,58.0,9.1836,23.202,161.5,182.0,14.866,10,10,50,80,5,30,30,10,35,25,0
109,8212453296,Functional-Cardio Workout,0.0,43.92,407.0,0.0,0.0,0.0,134.3,168.0,10.98,4,1,35,40,1,15,25,10,20,1,1
110,8208589520,Functional-Cardio Workout,0.0,61.02,474.0,0.0,0.0,0.0,133.4,171.0,12.196,5,1,50,40,1,15,25,10,25,1,1
111,8203727142,Functional-Cardio Workout,0.0,28.57,330.0,0.0,0.0,0.0,144.1,179.0,28.55,1,1,20,35,1,15,30,15,5,1,1
112,8203727133,Functional-Cardio Workout,0.0,28.6,299.0,0.0,0.0,0.0,140.5,165.0,28.58,1,1,20,25,1,15,25,15,5,1,1
113,8203727114,Run,1.26,7.33,94.0,3.0,10.6956,15.3108,150.1,159.0,3.66,2,5,1,5,5,20,15,1,5,30,20
114,8191621998,Functional-Cardio Workout,0.0,33.47,279.0,0.0,0.0,0.0,124.3,166.0,11.15333333,3,1,25,25,1,10,25,10,10,1,1
115,8187238246,Functional-Cardio Workout,0.0,32.37,365.0,0.0,0.0,0.0,144.5,187.0,6.468,5,1,25,35,1,15,35,5,25,1,1
116,8182235363,Functional-Cardio Workout,0.0,37.93,314.0,0.0,0.0,0.0,125.3,162.0,7.576,5,1,30,35,1,10,15,5,25,1,1
117,8182235331,WeightTraining,0.0,39.12,324.0,0.0,0.0,0.0,124.0,157.0,39.12,1,1,30,35,1,10,15,20,5,1,1
118,8160150145,Functional-Cardio Workout,0.0,36.43,426.0,0.0,0.0,0.0,146.5,170.0,7.274,5,1,30,40,1,20,25,5,25,1,1
119,8155361427,Functional-Cardio Workout,0.0,36.78,375.0,0.0,0.0,0.0,138.6,170.0,7.346,5,1,30,35,1,15,25,5,25,1,1
120,8151030129,Functional-Cardio Workout,0.0,44.98,394.0,0.0,0.0,0.0,131.6,163.0,8.99,5,1,35,35,1,15,15,5,25,1,1
121,8146441132,Functional-Cardio Workout,0.0,29.95,348.0,0.0,0.0,0.0,148.3,173.0,5.98,5,1,20,35,1,20,25,5,25,1,1
122,8141884509,Functional-Cardio Workout,0.0,28.62,281.0,0.0,0.0,0.0,134.8,166.0,14.31,2,1,20,25,1,15,25,10,5,1,1
123,8137158637,Functional-Cardio Workout,0.0,24.75,279.0,0.0,0.0,0.0,144.4,166.0,6.185,4,1,15,25,1,15,25,5,20,1,1
124,8132627372,Functional-Cardio Workout,0.0,22.45,238.0,0.0,0.0,0.0,139.2,173.0,4.482,5,1,15,25,1,15,25,1,25,1,1
125,8132355459,Functional-Cardio Workout,0.0,30.05,137.0,0.0,0.0,0.0,95.1,128.0,30.05,1,1,25,15,1,5,10,20,5,1,1
126,8124106588,Functional-Cardio Workout,0.0,30.77,371.0,0.0,0.0,0.0,152.4,184.0,30.77,1,1,25,35,1,20,30,20,5,1,1
127,8119355717,Functional-Cardio Workout,0.0,20.55,213.0,0.0,0.0,0.0,138.2,167.0,4.104,5,1,15,25,1,15,25,1,25,1,1
128,8119355702,Functional-Cardio Workout,0.0,44.3,430.0,0.0,0.0,0.0,139.5,167.0,7.378333333,6,1,35,40,1,15,25,5,35,1,1
129,8088332251,Functional-Cardio Workout,0.0,29.95,298.0,0.0,0.0,0.0,138.9,173.0,9.973333333,3,1,20,25,1,15,25,5,10,1,1
130,8083176906,Functional-Cardio Workout,0.0,21.15,255.0,0.0,0.0,0.0,150.6,174.0,4.226,5,1,15,25,1,20,25,1,25,1,1
131,8079471189,Functional-Cardio Workout,0.0,61.37,499.0,0.0,0.0,0.0,133.2,165.0,12.268,5,1,50,40,1,15,25,10,25,1,1
132,8068964123,Functional-Cardio Workout,0.0,54.23,447.0,0.0,0.0,0.0,131.6,173.0,10.834,5,1,0,40,1,15,25,10,25,1,1
133,8068964116,Functional-Cardio Workout,0.0,34.8,370.0,0.0,0.0,0.0,140.4,172.0,6.952,5,1,25,35,1,15,25,5,25,1,1
134,8055576307,Functional-Cardio Workout,0.0,70.05,622.0,0.0,0.0,0.0,137.8,187.0,70.05,1,1,50,60,1,15,35,20,5,1,1
135,8050185517,Functional-Cardio Workout,0.0,38.43,459.0,0.0,0.0,0.0,148.4,174.0,6.398333333,6,1,30,40,1,20,25,5,35,1,1
136,8044302453,Functional-Cardio Workout,0.0,23.67,275.0,0.0,0.0,0.0,147.8,175.0,23.65,1,1,15,25,1,20,30,15,5,1,1
137,8034000587,Functional-Cardio Workout,0.0,44.33,418.0,0.0,0.0,0.0,135.6,178.0,7.38,6,1,35,40,1,15,30,5,35,1,1
138,8029975644,Ride,0.0,48.25,407.0,0.0,0.0,0.0,127.7,155.0,48.25,1,1,40,40,1,10,15,20,5,5,5
139,8024916101,Functional-Cardio Workout,0.0,47.82,365.0,0.0,0.0,0.0,133.4,166.0,7.96,6,1,40,35,1,15,25,5,35,1,1
140,8019342575,Functional-Cardio Workout,0.0,53.53,461.0,0.0,0.0,0.0,134.7,176.0,8.915,6,1,0,40,1,15,30,5,35,1,1
141,8014397326,Functional-Cardio Workout,0.0,47.42,529.0,0.0,0.0,0.0,145.8,174.0,7.893333333,6,1,40,50,1,20,25,5,35,1,1
142,8014397281,Functional-Cardio Workout,0.0,23.4,257.0,0.0,0.0,0.0,140.4,170.0,11.7,2,1,15,25,1,15,25,10,5,1,1
143,8014397301,Functional-Cardio Workout,0.0,61.75,553.0,0.0,0.0,0.0,136.1,167.0,10.28,6,1,50,50,1,15,25,10,35,1,1
144,7995086512,Hike,5.0,73.92,277.0,49.0,4.1255999999999995,25.5924,89.6,124.0,73.83,1,5,50,25,5,5,10,20,5,5,25
145,7990214715,Ride,0.0,26.17,210.0,0.0,0.0,0.0,120.3,143.0,26.37,1,1,20,25,1,10,15,15,5,5,5
146,7985428379,Functional-Cardio Workout,0.0,56.93,464.0,0.0,0.0,0.0,127.0,178.0,56.93,1,1,45,40,1,10,30,20,5,1,1
147,7979518267,Rowing,0.0,30.38,322.0,0.0,0.0,0.0,136.7,170.0,30.37,1,1,25,35,1,15,25,20,5,1,1
148,7979517970,Functional-Cardio Workout,0.0,20.68,163.0,0.0,0.0,0.0,136.6,167.0,20.67,1,1,15,15,1,15,25,15,5,1,1
149,7962893212,Functional-Cardio Workout,0.0,12.57,155.0,0.0,0.0,0.0,148.2,169.0,12.57,1,1,5,15,1,20,25,10,5,1,1
150,7959299281,Rowing,0.0,25.9,232.0,0.0,0.0,0.0,128.3,150.0,25.9,1,1,20,25,1,10,15,15,5,1,1
151,7959299285,Ride,0.0,31.98,239.0,0.0,0.0,0.0,119.1,148.0,31.97,1,1,25,25,1,10,15,20,5,5,5
152,7959299382,Swim,0.25,13.0,56.0,0.0,1.5084,3.8808000000000002,93.4,103.0,2.5425,4,15,5,5,1,5,10,1,20,5,5
153,7954296350,Swim,0.42,18.57,96.0,0.0,1.9296000000000002,22.053600000000003,108.4,125.0,2.171666667,6,30,10,5,1,10,10,1,35,5,0
154,7949259794,Functional-Cardio Workout,0.0,70.78,553.0,0.0,0.0,0.0,133.4,174.0,14.148,5,1,50,50,1,15,25,10,25,1,1
155,7943814572,Functional-Cardio Workout,0.0,18.37,153.0,0.0,0.0,0.0,128.9,160.0,6.12,3,1,10,15,1,10,15,5,10,1,1
156,7939267017,Functional-Cardio Workout,0.0,37.12,336.0,0.0,0.0,0.0,128.1,164.0,18.55,2,1,30,35,1,10,15,10,5,1,1
157,7927920375,Functional-Cardio Workout,0.0,19.27,216.0,0.0,0.0,0.0,139.9,162.0,6.413333333,3,1,10,25,1,15,15,5,10,1,1
158,7923110121,Ride,12.51,68.32,625.0,448.0,12.6972,32.8536,139.9,172.0,34.14,2,20,50,60,25,15,25,20,5,15,25
159,7918414987,Ride,11.68,54.6,297.0,123.0,18.2304,34.128,115.6,139.0,27.285,2,15,0,25,10,10,15,15,5,25,25
160,7918414980,Functional-Cardio Workout,0.0,53.72,469.0,0.0,0.0,0.0,134.6,171.0,10.736,5,1,0,40,1,15,25,10,25,1,1
161,7906191054,Functional-Cardio Workout,0.0,36.9,338.0,0.0,0.0,0.0,133.1,162.0,9.2125,4,1,30,35,1,15,15,5,20,1,1
162,7901583312,Yoga,0.0,40.25,126.0,0.0,0.0,0.0,84.8,127.0,40.25,1,1,35,15,1,5,10,20,5,1,1
163,7901583230,Functional-Cardio Workout,0.0,29.52,327.0,0.0,0.0,0.0,143.8,175.0,7.37,4,1,20,35,1,15,30,5,20,1,1
164,7891913019,MountainBikeRide,5.02,35.22,226.0,37.0,11.610000000000001,21.3984,124.0,145.0,35.22,1,10,30,25,5,10,15,20,5,10,15
165,7887509906,Ride,11.77,78.17,619.0,139.0,11.700000000000001,35.1432,141.0,164.0,40.285,2,15,50,60,10,15,15,20,5,10,30
166,7881485870,Functional-Cardio Workout,0.0,34.45,308.0,0.0,0.0,0.0,130.5,159.0,5.736666667,6,1,25,35,1,15,15,5,35,1,1
167,7877830728,Functional-Cardio Workout,0.0,61.35,460.0,0.0,0.0,0.0,136.3,181.0,61.35,1,1,50,40,1,15,30,20,5,1,1
168,7872000948,Functional-Cardio Workout,0.0,39.93,383.0,0.0,0.0,0.0,136.1,172.0,7.978,5,1,30,35,1,15,25,5,25,1,1
169,7867936072,Functional-Cardio Workout,0.0,40.98,330.0,0.0,0.0,0.0,130.5,161.0,10.2375,4,1,35,35,1,15,15,10,20,1,1
170,7860502925,Functional-Cardio Workout,0.0,62.92,615.0,0.0,0.0,0.0,144.0,172.0,10.475,6,1,50,60,1,15,25,10,35,1,1
171,7851566640,Functional-Cardio Workout,0.0,33.2,294.0,0.0,0.0,0.0,134.1,174.0,8.295,4,1,25,25,1,15,25,5,20,1,1
172,7846435025,Functional-Cardio Workout,0.0,33.42,332.0,0.0,0.0,0.0,138.1,169.0,33.4,1,1,25,35,1,15,25,20,5,1,1
173,7841605387,Functional-Cardio Workout,0.0,52.53,452.0,0.0,0.0,0.0,130.9,173.0,52.53,1,1,0,40,1,15,25,20,5,1,1
174,7835158574,Functional-Cardio Workout,0.0,26.92,301.0,0.0,0.0,0.0,144.8,175.0,5.372,5,1,20,35,1,15,30,5,25,1,1
175,7829208307,Functional-Cardio Workout,0.0,26.47,309.0,0.0,0.0,0.0,148.1,175.0,26.48,1,1,20,35,1,20,30,15,5,1,1
176,7817521073,Functional-Cardio Workout,0.0,29.5,336.0,0.0,0.0,0.0,145.1,172.0,5.896,5,1,20,35,1,20,25,5,25,1,1
177,7814760129,Ride,0.0,20.93,153.0,0.0,0.0,0.0,117.1,155.0,20.93,1,1,15,15,1,10,15,15,5,5,5
178,7809401836,Functional-Cardio Workout,0.0,36.37,382.0,0.0,0.0,0.0,142.0,170.0,7.27,5,1,30,35,1,15,25,5,25,1,1
179,7803664451,Functional-Cardio Workout,0.0,23.4,198.0,0.0,0.0,0.0,127.2,154.0,4.676,5,1,15,15,1,10,15,1,25,1,1
180,7798186339,Functional-Cardio Workout,0.0,40.4,231.0,0.0,0.0,0.0,116.7,159.0,8.076,5,1,35,25,1,10,15,5,25,1,1
181,7785525706,Functional-Cardio Workout,0.0,31.92,336.0,0.0,0.0,0.0,144.3,179.0,7.975,4,1,25,35,1,15,30,5,20,1,1
182,7781716408,Functional-Cardio Workout,0.0,34.97,324.0,0.0,0.0,0.0,136.9,172.0,8.735,4,1,25,35,1,15,25,5,20,1,1
183,7777108383,Functional-Cardio Workout,0.0,42.45,372.0,0.0,0.0,0.0,137.7,171.0,10.6025,4,1,35,35,1,15,25,10,20,1,1
184,7772120351,Functional-Cardio Workout,0.0,21.48,230.0,0.0,0.0,0.0,141.3,170.0,5.3625,4,1,15,25,1,15,25,5,20,1,1
185,7767086065,Functional-Cardio Workout,0.0,58.47,580.0,0.0,0.0,0.0,143.6,180.0,58.45,1,1,45,50,1,15,30,20,5,1,1
186,7767086089,Ride,8.6,48.02,459.0,60.0,12.5928,24.6528,142.2,165.0,24.0,2,15,40,40,5,15,25,15,5,15,15
187,7767086080,Hike,3.09,76.6,329.0,135.0,4.1903999999999995,59.270399999999995,98.7,149.0,76.48,1,4,50,35,10,5,15,20,5,5,35
188,7744120120,Functional-Cardio Workout,0.0,30.93,288.0,0.0,0.0,0.0,134.4,169.0,7.7225,4,1,25,25,1,15,25,5,20,1,1
189,7744120183,Functional-Cardio Workout,0.0,49.72,376.0,0.0,0.0,0.0,166.7,189.0,9.934,5,1,40,35,1,35,35,5,25,1,1
190,7733338456,Functional-Cardio Workout,0.0,37.67,416.0,0.0,0.0,0.0,148.0,176.0,7.518,5,1,30,40,1,20,30,5,25,1,1
191,7733338470,Functional-Cardio Workout,0.0,66.9,598.0,0.0,0.0,0.0,137.8,181.0,66.88,1,1,50,50,1,15,30,20,5,1,1
192,7700419004,Functional-Cardio Workout,0.0,39.28,348.0,0.0,0.0,0.0,131.1,152.0,9.8125,4,1,30,35,1,15,15,5,20,1,1
193,7697533691,Functional-Cardio Workout,0.0,23.2,258.0,0.0,0.0,0.0,142.0,171.0,3.856666667,6,1,15,25,1,15,25,1,35,1,1
194,7697533117,Functional-Cardio Workout,0.0,54.15,554.0,0.0,0.0,0.0,143.2,178.0,54.15,1,1,0,50,1,15,30,20,5,1,1
195,7697532478,Functional-Cardio Workout,0.0,39.32,353.0,0.0,0.0,0.0,132.0,163.0,7.852,5,1,30,35,1,15,15,5,25,1,1
196,7697532128,Functional-Cardio Workout,0.0,37.97,404.0,0.0,0.0,0.0,143.0,172.0,9.485,4,1,30,40,1,15,25,5,20,1,1
197,7676993625,Functional-Cardio Workout,0.0,30.8,300.0,0.0,0.0,0.0,136.2,167.0,7.6875,4,1,25,35,1,15,25,5,20,1,1
198,7671148736,Functional-Cardio Workout,0.0,46.75,380.0,0.0,0.0,0.0,132.5,168.0,9.338,5,1,40,35,1,15,25,5,25,1,1
199,7661938174,Functional-Cardio Workout,0.0,31.95,382.0,0.0,0.0,0.0,153.3,172.0,5.313333333,6,1,25,35,1,20,25,5,35,1,1
200,7655951082,Functional-Cardio Workout,0.0,27.57,331.0,0.0,0.0,0.0,150.4,173.0,5.502,5,1,20,35,1,20,25,5,25,1,1
201,7643729354,Functional-Cardio Workout,0.0,34.58,416.0,0.0,0.0,0.0,150.7,179.0,6.91,5,1,25,40,1,20,30,5,25,1,1
202,7639108992,Kayaking,3.91,78.98,274.0,22.0,3.9924,7.880400000000001,88.6,101.0,78.93,1,4,50,25,5,5,10,20,5,5,10
203,7627852888,Functional-Cardio Workout,0.0,28.92,355.0,0.0,0.0,0.0,156.8,181.0,28.92,1,1,20,35,1,30,30,15,5,1,1
204,7617909397,Functional-Cardio Workout,0.0,24.85,295.0,0.0,0.0,0.0,146.4,165.0,2.751111111,9,1,15,25,1,20,25,1,35,1,1
205,7612343504,Functional-Cardio Workout,0.0,28.07,345.0,0.0,0.0,0.0,153.7,173.0,4.67,6,1,20,35,1,20,25,1,35,1,1
206,7605977133,Functional-Cardio Workout,0.0,31.17,405.0,0.0,0.0,0.0,156.5,178.0,6.22,5,1,25,40,1,30,30,5,25,1,1
207,7605386863,Walk,1.54,93.13,339.0,168.0,2.8800000000000003,5.832000000000001,123.6,144.0,92.9,1,2,50,35,10,10,15,20,5,5,10
208,7605385250,Functional-Cardio Workout,0.0,20.05,197.0,0.0,0.0,0.0,129.0,163.0,4.006,5,1,15,15,1,10,15,1,25,1,1
209,7549296930,Functional-Cardio Workout,0.0,30.65,371.0,0.0,0.0,0.0,148.3,177.0,6.122,5,1,25,35,1,20,30,5,25,1,1
210,7549296287,Functional-Cardio Workout,0.0,27.53,358.0,0.0,0.0,0.0,151.2,166.0,5.494,5,1,20,35,1,20,25,5,25,1,1
211,7549295861,Functional-Cardio Workout,0.0,18.12,222.0,0.0,0.0,0.0,145.8,165.0,3.011666667,6,1,10,25,1,20,25,1,35,1,1
212,7549295303,Functional-Cardio Workout,0.0,50.53,496.0,0.0,0.0,0.0,144.8,177.0,10.1,5,1,0,40,1,15,30,10,25,1,1
213,7501678752,Functional-Cardio Workout,0.0,31.38,383.0,0.0,0.0,0.0,146.7,168.0,6.266,5,1,25,35,1,20,25,5,25,1,1
214,7496684204,Functional-Cardio Workout,0.0,31.57,384.0,0.0,0.0,0.0,147.9,174.0,6.308,5,1,25,35,1,20,25,5,25,1,1
215,7490027394,Functional-Cardio Workout,0.0,36.55,434.0,0.0,0.0,0.0,147.0,172.0,7.306,5,1,30,40,1,20,25,5,25,1,1
216,7480345431,Functional-Cardio Workout,0.0,30.03,356.0,0.0,0.0,0.0,145.9,172.0,7.4975,4,1,25,35,1,20,25,5,20,1,1
217,7475135473,Functional-Cardio Workout,0.0,25.17,294.0,0.0,0.0,0.0,142.7,172.0,5.024,5,1,20,25,1,15,25,5,25,1,1
218,7468783204,Functional-Cardio Workout,0.0,46.22,356.0,0.0,0.0,0.0,137.5,179.0,15.39333333,3,1,40,35,1,15,30,10,10,1,1
219,7459486964,Functional-Cardio Workout,0.0,55.43,476.0,0.0,0.0,0.0,134.6,177.0,11.08,5,1,45,40,1,15,30,10,25,1,1
220,7453924352,Functional-Cardio Workout,0.0,45.58,482.0,0.0,0.0,0.0,146.1,173.0,9.112,5,1,40,40,1,20,25,5,25,1,1
221,7447936857,Functional-Cardio Workout,0.0,19.9,225.0,0.0,0.0,0.0,140.8,164.0,3.97,5,1,10,25,1,15,15,1,25,1,1
222,7442268337,Functional-Cardio Workout,0.0,28.97,248.0,0.0,0.0,0.0,121.9,156.0,7.2325,4,1,20,25,1,10,15,5,20,1,1
223,7437706104,Functional-Cardio Workout,0.0,55.18,526.0,0.0,0.0,0.0,145.7,178.0,11.034,5,1,45,50,1,20,30,10,25,1,1
224,7432748111,Functional-Cardio Workout,0.0,49.53,529.0,0.0,0.0,0.0,147.8,171.0,9.9,5,1,40,50,1,20,25,5,25,1,1
225,7427666085,Functional-Cardio Workout,0.0,47.93,457.0,0.0,0.0,0.0,138.7,177.0,9.576,5,1,40,40,1,15,30,5,25,1,1
226,7421954219,Functional-Cardio Workout,0.0,31.98,337.0,0.0,0.0,0.0,139.4,165.0,7.9875,4,1,25,35,1,15,25,5,20,1,1
227,7421602405,Swim,0.32,14.58,69.0,0.0,1.6668,7.2,101.3,122.0,1.925,6,20,5,5,1,10,10,1,35,5,10
228,7416233723,Functional-Cardio Workout,0.0,27.95,282.0,0.0,0.0,0.0,131.9,170.0,5.578,5,1,20,25,1,15,25,5,25,1,1
229,7409993831,Functional-Cardio Workout,0.0,21.3,263.0,0.0,0.0,0.0,145.5,163.0,7.096666667,3,1,15,25,1,20,15,5,10,1,1
230,7404375396,Functional-Cardio Workout,0.0,34.45,371.0,0.0,0.0,0.0,137.9,168.0,8.57,4,1,25,35,1,15,25,5,20,1,1
231,7399870148,Swim,0.43,21.03,93.0,0.0,1.6740000000000002,9.2376,118.9,148.0,2.212857143,7,30,15,5,1,10,15,1,35,5,10
232,7395320176,Functional-Cardio Workout,0.0,30.03,353.0,0.0,0.0,0.0,144.3,170.0,5.998,5,1,25,35,1,15,25,5,25,1,1
233,7395319816,Swim,0.42,14.73,90.0,0.0,2.0196,8.5176,115.6,136.0,2.49,5,30,5,5,1,10,15,1,25,5,10
234,7390401164,Functional-Cardio Workout,0.0,32.6,407.0,0.0,0.0,0.0,149.2,177.0,6.51,5,1,25,40,1,20,30,5,25,1,1
235,7389902513,Swim,0.21,8.27,45.0,0.0,1.9944000000000002,4.2048,122.3,136.0,1.5725,4,15,1,5,1,10,15,1,20,5,5
236,7389902443,Swim,0.11,4.88,24.0,0.0,1.8,2.4048000000000003,116.7,136.0,1.865,2,10,1,5,1,10,15,1,5,5,5
237,7384818542,Functional-Cardio Workout,0.0,32.47,375.0,0.0,0.0,0.0,143.2,175.0,6.484,5,1,25,35,1,15,30,5,25,1,1
238,7384553991,Swim,0.35,12.35,85.0,0.0,2.2212,11.916,125.5,145.0,1.581666667,6,25,5,5,1,10,15,1,35,5,15
239,7379317731,Functional-Cardio Workout,0.0,30.02,352.0,0.0,0.0,0.0,142.7,169.0,6.0,5,1,25,35,1,15,25,5,25,1,1
240,7367779138,Functional-Cardio Workout,0.0,45.8,430.0,0.0,0.0,0.0,133.4,175.0,7.626666667,6,1,40,40,1,15,30,5,35,1,1
241,7363091019,Functional-Cardio Workout,0.0,32.92,344.0,0.0,0.0,0.0,135.5,158.0,6.572,5,1,25,35,1,15,15,5,25,1,1
242,7362922978,Swim,0.31,19.6,66.0,0.0,1.7172,22.68,132.3,159.0,0.89,12,20,10,5,1,15,15,1,35,5,0
243,7358660325,Hike,1.92,35.28,213.0,30.0,3.8051999999999997,22.9536,107.5,128.0,35.28,1,2,30,25,5,10,10,20,5,5,0
244,7358463108,Functional-Cardio Workout,0.0,44.37,313.0,0.0,0.0,0.0,118.1,168.0,8.866,5,1,35,35,1,10,25,5,25,1,1
245,7352895855,Functional-Cardio Workout,0.0,20.05,222.0,0.0,0.0,0.0,138.4,168.0,5.01,4,1,15,25,1,15,25,5,20,1,1
246,7352638274,Swim,0.42,24.95,93.0,0.0,1.7244,22.9104,125.2,157.0,1.116153846,13,30,15,5,1,10,15,1,35,5,0
247,7352524704,Swim,0.14,6.27,32.0,0.0,2.0916,7.977600000000001,98.8,121.0,1.0,4,10,1,5,1,5,10,1,20,5,10
248,7350407967,Swim,0.29,14.33,62.0,0.0,1.3896000000000002,4.5360000000000005,124.0,149.0,2.04,7,15,5,5,1,10,15,1,35,5,5
249,7342208546,WeightTraining,0.0,25.27,281.0,0.0,0.0,0.0,137.9,163.0,25.27,1,1,20,25,1,15,15,15,5,1,1
250,7341104282,Swim,0.25,22.03,52.0,0.0,0.9936000000000001,5.839200000000001,127.7,147.0,7.34,3,15,15,5,1,10,15,5,10,5,10
251,7335189040,Functional-Cardio Workout,0.0,39.75,185.0,0.0,0.0,0.0,96.8,131.0,4.96375,8,1,30,15,1,5,15,1,35,1,1
252,7326034820,WeightTraining,0.0,36.55,320.0,0.0,0.0,0.0,126.9,160.0,36.55,1,1,30,35,1,10,15,20,5,1,1
253,7325431689,Swim,0.38,9.65,93.0,0.0,3.4092,18.0,120.5,144.0,1.64,4,25,1,5,1,10,15,1,20,5,20
254,7325431372,Swim,0.13,7.82,25.0,0.0,1.1088,2.9736,126.7,146.0,7.82,1,10,1,5,1,10,15,5,5,5,5
255,7315990079,Functional-Cardio Workout,0.0,29.4,271.0,0.0,0.0,0.0,127.0,153.0,5.874,5,1,20,25,1,10,15,5,25,1,1
256,7304622665,Run,5.59,36.35,483.0,50.0,9.4104,18.6588,163.4,176.0,6.05,6,10,30,40,5,30,30,5,35,25,20
257,7299034268,Functional-Cardio Workout,0.0,53.15,496.0,0.0,0.0,0.0,142.8,180.0,13.2775,4,1,0,40,1,15,30,10,20,1,1
258,7292234833,Functional-Cardio Workout,0.0,58.9,534.0,0.0,0.0,0.0,141.1,177.0,11.77,5,1,45,50,1,15,30,10,25,1,1
259,7287926248,Functional-Cardio Workout,0.0,26.65,240.0,0.0,0.0,0.0,140.0,173.0,5.6975,4,1,20,25,1,15,25,5,20,1,1
260,7283209084,Functional-Cardio Workout,0.0,58.07,439.0,0.0,0.0,0.0,157.2,182.0,9.666666667,6,1,45,40,1,30,30,5,35,1,1
261,7282464979,Swim,0.17,11.8,35.0,0.0,1.0116,2.7432000000000003,122.0,142.0,11.8,1,10,5,5,1,10,15,10,5,5,5
262,7277894545,Functional-Cardio Workout,0.0,58.97,476.0,0.0,0.0,0.0,136.5,172.0,11.788,5,1,45,40,1,15,25,10,25,1,1
263,7261210263,Functional-Cardio Workout,0.0,30.5,328.0,0.0,0.0,0.0,140.3,170.0,30.48,1,1,25,35,1,15,25,20,5,1,1
264,7245291707,Functional-Cardio Workout,0.0,33.7,399.0,0.0,0.0,0.0,147.2,173.0,33.7,1,1,25,35,1,20,25,20,5,1,1
265,7237638521,Run,4.84,38.25,393.0,37.0,9.3888,24.2208,156.4,172.0,7.644,5,5,30,35,5,30,25,5,25,25,0
266,7234907479,Functional-Cardio Workout,0.0,50.08,481.0,0.0,0.0,0.0,149.2,183.0,8.333333333,6,1,0,40,1,20,30,5,35,1,1
267,7228758859,Functional-Cardio Workout,0.0,30.87,361.0,0.0,0.0,0.0,143.5,171.0,10.28,3,1,25,35,1,15,25,10,10,1,1
268,7224099974,WeightTraining,0.0,26.95,285.0,0.0,0.0,0.0,136.4,163.0,26.95,1,1,20,25,1,15,15,15,5,1,1
269,7218344699,Walk,5.5,118.18,503.0,234.0,3.9492,9.2448,104.0,148.0,29.54,4,5,50,50,15,10,15,15,20,5,10
270,7179587226,Functional-Cardio Workout,10.29,121.25,1118.0,217.0,6.5844,14.796000000000001,145.5,177.0,121.23,1,5,50,100,15,20,30,20,5,10,15
271,7171648251,Functional-Cardio Workout,0.0,49.1,385.0,0.0,0.0,0.0,130.9,161.0,8.173333333,6,1,40,35,1,15,15,5,35,1,1
272,7166675139,Functional-Cardio Workout,0.0,35.97,493.0,0.0,0.0,0.0,158.9,184.0,7.186,5,1,30,40,1,30,30,5,25,1,1
273,7154916883,Functional-Cardio Workout,0.0,42.87,462.0,0.0,0.0,0.0,140.4,168.0,10.71,4,1,35,40,1,15,25,10,20,1,1
274,7143434657,Functional-Cardio Workout,0.0,6.85,90.0,0.0,0.0,0.0,147.5,162.0,6.85,1,1,1,5,1,20,15,5,5,1,1
275,7133136466,WeightTraining,0.0,26.3,319.0,0.0,0.0,0.0,144.0,166.0,26.3,1,1,20,35,1,15,25,15,5,1,1
276,7133025525,Functional-Cardio Workout,0.0,5.7,55.0,0.0,0.0,0.0,123.8,148.0,5.7,1,1,1,5,1,10,15,5,5,1,1
277,7127900671,Functional-Cardio Workout,0.0,33.42,450.0,0.0,0.0,0.0,157.2,181.0,5.56,6,1,25,40,1,30,30,5,35,1,1
278,7121969262,Functional-Cardio Workout,0.0,47.83,474.0,0.0,0.0,0.0,144.7,176.0,9.56,5,1,40,40,1,15,30,5,25,1,1
279,7116458201,Functional-Cardio Workout,0.0,49.0,467.0,0.0,0.0,0.0,141.8,175.0,12.2475,4,1,40,40,1,15,30,10,20,1,1
280,7111449419,Functional-Cardio Workout,0.0,29.12,310.0,0.0,0.0,0.0,136.3,168.0,7.27,4,1,20,35,1,15,25,5,20,1,1
281,7099546136,Functional-Cardio Workout,0.0,51.52,444.0,0.0,0.0,0.0,141.2,176.0,12.8675,4,1,0,40,1,15,30,10,20,1,1
282,7094732292,Functional-Cardio Workout,0.0,40.07,497.0,0.0,0.0,0.0,148.1,172.0,8.002,5,1,35,40,1,20,25,5,25,1,1
283,7089438915,Functional-Cardio Workout,0.0,38.97,387.0,0.0,0.0,0.0,141.8,180.0,9.7375,4,1,30,35,1,15,30,5,20,1,1
284,7085248120,Functional-Cardio Workout,0.0,39.02,332.0,0.0,0.0,0.0,125.2,156.0,39.02,1,1,30,35,1,10,15,20,5,1,1
285,7077988109,Functional-Cardio Workout,0.0,26.15,320.0,0.0,0.0,0.0,145.4,173.0,4.351666667,6,1,20,35,1,20,25,1,35,1,1
286,7062071768,Run,5.62,49.57,416.0,8.0,6.8292,14.508000000000001,131.7,172.0,8.255,6,10,40,40,5,15,25,5,35,10,15
287,7056021664,Run,6.01,42.03,479.0,54.0,9.504000000000001,18.262800000000002,154.7,170.0,5.998571429,7,10,35,40,5,20,25,5,35,25,20
288,7052639785,Functional-Cardio Workout,0.0,31.03,373.0,0.0,0.0,0.0,157.0,182.0,5.163333333,6,1,25,35,1,30,30,5,35,1,1
289,7046712057,Functional-Cardio Workout,0.0,46.38,501.0,0.0,0.0,0.0,146.4,176.0,9.274,5,1,40,50,1,20,30,5,25,1,1
290,7041200880,Functional-Cardio Workout,0.0,46.3,423.0,0.0,0.0,0.0,136.0,182.0,11.57,4,1,40,40,1,15,30,10,20,1,1
291,7035044022,Functional-Cardio Workout,0.0,75.68,535.0,0.0,0.0,0.0,131.3,165.0,25.22,3,1,50,50,1,15,25,15,10,1,1
292,7024937010,Functional-Cardio Workout,0.0,39.75,481.0,0.0,0.0,0.0,152.0,176.0,7.942,5,1,30,40,1,20,30,5,25,1,1
293,7020510777,Run,5.84,43.88,469.0,57.0,9.2448,15.8904,157.0,174.0,7.303333333,6,10,35,40,5,30,25,5,35,25,20
294,7015258111,Functional-Cardio Workout,0.0,23.83,337.0,0.0,0.0,0.0,158.7,183.0,3.966666667,6,1,15,35,1,30,30,1,35,1,1
295,7009700149,Functional-Cardio Workout,0.0,43.6,508.0,0.0,0.0,0.0,147.7,180.0,8.716,5,1,35,50,1,20,30,5,25,1,1
296,7004644328,Functional-Cardio Workout,0.0,43.93,485.0,0.0,0.0,0.0,146.3,175.0,8.778,5,1,35,40,1,20,30,5,25,1,1
297,6983291404,AlpineSki,34.47,376.47,501.0,0.0,21.0852,65.1744,101.5,125.0,22.418125,16,20,50,50,1,10,10,15,35,35,35
298,6977793805,AlpineSki,17.25,99.25,222.0,0.0,25.0164,62.9352,104.7,123.0,14.39857143,7,15,50,25,1,10,10,10,35,35,35
299,6966265476,AlpineSki,13.37,173.22,302.0,0.0,19.2888,50.9256,117.7,142.0,24.02285714,7,10,50,35,1,10,15,15,35,35,35
300,6951773290,Functional-Cardio Workout,0.0,43.65,407.0,0.0,0.0,0.0,139.1,178.0,7.27,6,1,35,40,1,15,30,5,35,1,1
301,6942779209,Functional-Cardio Workout,0.0,52.55,514.0,0.0,0.0,0.0,141.6,177.0,10.506,5,1,0,50,1,15,30,10,25,1,1
302,6937587715,Functional-Cardio Workout,0.0,30.52,402.0,0.0,0.0,0.0,151.8,176.0,30.52,1,1,25,40,1,20,30,20,5,1,1
303,6932738211,Functional-Cardio Workout,0.0,55.52,526.0,0.0,0.0,0.0,142.5,177.0,11.094,5,1,45,50,1,15,30,10,25,1,1
304,6926091020,Run,10.01,63.5,808.0,27.0,9.4932,14.3208,158.0,170.0,5.764545455,11,25,50,80,5,30,25,5,35,25,15
305,6917539822,Functional-Cardio Workout,0.0,46.38,453.0,0.0,0.0,0.0,139.1,172.0,9.27,5,1,40,40,1,15,25,5,25,1,1
306,6913502235,Functional-Cardio Workout,0.0,41.95,383.0,0.0,0.0,0.0,140.7,180.0,8.378,5,1,35,35,1,15,30,5,25,1,1
307,6907498892,Functional-Cardio Workout,0.0,26.35,270.0,0.0,0.0,0.0,130.1,162.0,26.37,1,1,20,25,1,15,15,15,5,1,1
308,6904274850,Functional-Cardio Workout,0.0,52.0,431.0,0.0,0.0,0.0,143.0,174.0,10.388,5,1,0,40,1,15,25,10,25,1,1
309,6895845332,Functional-Cardio Workout,0.0,42.18,371.0,0.0,0.0,0.0,139.4,175.0,8.428,5,1,35,35,1,15,30,5,25,1,1
310,6886421674,Functional-Cardio Workout,0.0,50.15,411.0,0.0,0.0,0.0,132.2,171.0,12.5325,4,1,0,40,1,15,25,10,20,1,1
311,6877797182,Functional-Cardio Workout,0.0,47.35,449.0,0.0,0.0,0.0,144.0,179.0,11.835,4,1,40,40,1,15,30,10,20,1,1
312,6872684233,Functional-Cardio Workout,0.0,44.65,445.0,0.0,0.0,0.0,144.6,178.0,11.1575,4,1,35,40,1,15,30,10,20,1,1
313,6863649542,Functional-Cardio Workout,0.0,42.3,390.0,0.0,0.0,0.0,136.0,176.0,10.5625,4,1,35,35,1,15,30,10,20,1,1
314,6858501837,Functional-Cardio Workout,0.0,46.52,465.0,0.0,0.0,0.0,143.7,185.0,11.6225,4,1,40,40,1,15,35,10,20,1,1
315,6849835953,Run,5.12,28.32,409.0,36.0,11.0988,19.476000000000003,165.7,182.0,4.711666667,6,10,20,40,5,35,30,1,35,35,20
316,6845169227,Functional-Cardio Workout,0.0,43.05,254.0,0.0,0.0,0.0,109.1,145.0,43.05,1,1,35,25,1,10,15,20,5,1,1
317,6835800184,Functional-Cardio Workout,0.0,41.32,455.0,0.0,0.0,0.0,145.3,181.0,10.325,4,1,35,40,1,20,30,10,20,1,1
318,6830789366,Functional-Cardio Workout,0.0,42.93,389.0,0.0,0.0,0.0,133.4,172.0,8.576,5,1,35,35,1,15,25,5,25,1,1
319,6825189296,Functional-Cardio Workout,0.0,38.58,359.0,0.0,0.0,0.0,140.7,174.0,9.64,4,1,30,35,1,15,25,5,20,1,1
320,6820712457,Functional-Cardio Workout,0.0,44.15,444.0,0.0,0.0,0.0,140.7,174.0,8.824,5,1,35,40,1,15,25,5,25,1,1
321,6814345270,Run,5.17,54.52,519.0,103.0,6.282000000000001,13.5144,146.8,175.0,9.078333333,6,10,0,50,10,20,30,5,35,10,15
322,6805240312,Functional-Cardio Workout,0.0,48.52,454.0,0.0,0.0,0.0,138.1,174.0,9.7,5,1,40,40,1,15,25,5,25,1,1
323,6797043556,Functional-Cardio Workout,0.0,40.83,440.0,0.0,0.0,0.0,138.6,171.0,8.156,5,1,35,40,1,15,25,5,25,1,1
324,6795067469,Functional-Cardio Workout,0.0,58.73,502.0,0.0,0.0,0.0,137.0,179.0,11.742,5,1,45,50,1,15,30,10,25,1,1
325,6789848407,Functional-Cardio Workout,0.0,38.6,353.0,0.0,0.0,0.0,140.3,179.0,7.712,5,1,30,35,1,15,30,5,25,1,1
326,6769312477,Run,5.07,29.47,380.0,40.0,11.808,19.692,166.2,190.0,4.908333333,6,10,20,35,5,35,35,1,35,35,20
327,6764870542,Functional-Cardio Workout,0.0,42.78,431.0,0.0,0.0,0.0,137.3,168.0,8.554,5,1,35,40,1,15,25,5,25,1,1
328,6759449303,Functional-Cardio Workout,0.0,46.03,475.0,0.0,0.0,0.0,143.5,175.0,9.2,5,1,40,40,1,15,30,5,25,1,1
329,6754061766,Functional-Cardio Workout,0.0,45.35,394.0,0.0,0.0,0.0,135.5,173.0,11.325,4,1,40,35,1,15,25,10,20,1,1
330,6742522507,Run,6.27,40.75,498.0,63.0,10.0008,16.279200000000003,154.1,173.0,5.814285714,7,10,35,40,5,20,25,5,35,30,20
331,6733856021,Functional-Cardio Workout,0.0,34.33,427.0,0.0,0.0,0.0,146.3,177.0,6.856,5,1,25,40,1,20,30,5,25,1,1
332,6729396049,Functional-Cardio Workout,0.0,36.32,398.0,0.0,0.0,0.0,143.0,175.0,7.258,5,1,30,35,1,15,30,5,25,1,1
333,6724528197,Functional-Cardio Workout,0.0,41.05,448.0,0.0,0.0,0.0,143.9,173.0,8.202,5,1,35,40,1,15,25,5,25,1,1
334,6718717428,Functional-Cardio Workout,0.0,49.88,295.0,0.0,0.0,0.0,106.5,142.0,12.4625,4,1,40,25,1,10,15,10,20,1,1
335,6712135630,Run,21.28,125.03,1769.0,188.0,10.2096,18.540000000000003,163.8,184.0,5.675454545,22,30,50,100,10,30,30,5,35,30,20
336,6708815582,Functional-Cardio Workout,0.0,38.63,444.0,0.0,0.0,0.0,146.6,177.0,7.72,5,1,30,40,1,20,30,5,25,1,1
337,6699460962,Functional-Cardio Workout,0.0,41.07,402.0,0.0,0.0,0.0,144.1,173.0,8.204,5,1,35,40,1,15,25,5,25,1,1
338,6694671366,Functional-Cardio Workout,0.0,43.65,427.0,0.0,0.0,0.0,139.5,175.0,10.9125,4,1,35,40,1,15,30,10,20,1,1
339,6689591048,Functional-Cardio Workout,0.0,49.28,482.0,0.0,0.0,0.0,143.2,181.0,9.846,5,1,40,40,1,15,30,5,25,1,1
340,6683729889,Functional-Cardio Workout,0.0,45.35,488.0,0.0,0.0,0.0,141.0,174.0,45.35,1,1,40,40,1,15,25,20,5,1,1
341,6667966076,Functional-Cardio Workout,0.0,48.37,474.0,0.0,0.0,0.0,141.5,172.0,12.0875,4,1,40,40,1,15,25,10,20,1,1
342,6664140240,Functional-Cardio Workout,0.0,45.07,520.0,0.0,0.0,0.0,150.5,179.0,9.006,5,1,40,50,1,20,30,5,25,1,1
343,6658899949,Functional-Cardio Workout,0.0,35.83,395.0,0.0,0.0,0.0,143.9,171.0,7.156,5,1,30,35,1,15,25,5,25,1,1
344,6653353445,Functional-Cardio Workout,0.0,45.33,492.0,0.0,0.0,0.0,147.6,177.0,11.325,4,1,40,40,1,20,30,10,20,1,1
345,6647988601,Functional-Cardio Workout,0.0,41.35,409.0,0.0,0.0,0.0,140.3,176.0,8.26,5,1,35,40,1,15,30,5,25,1,1
346,6632209461,Functional-Cardio Workout,0.0,36.47,418.0,0.0,0.0,0.0,145.2,172.0,7.286,5,1,30,40,1,20,25,5,25,1,1
347,6627986131,Functional-Cardio Workout,0.0,34.7,359.0,0.0,0.0,0.0,146.6,179.0,5.768333333,6,1,25,35,1,20,30,5,35,1,1
348,6623045361,WeightTraining,0.0,33.43,395.0,0.0,0.0,0.0,147.5,172.0,33.43,1,1,25,35,1,20,25,20,5,1,1
349,6609514085,Functional-Cardio Workout,0.0,43.73,432.0,0.0,0.0,0.0,135.6,163.0,10.9275,4,1,35,40,1,15,15,10,20,1,1
350,6601923761,Run,11.23,60.75,876.0,68.0,11.412,19.036800000000003,166.9,189.0,5.054166667,12,25,50,80,5,35,35,5,35,35,20
351,6592352751,Functional-Cardio Workout,0.0,38.43,386.0,0.0,0.0,0.0,142.3,173.0,7.682,5,1,30,35,1,15,25,5,25,1,1
352,6587272504,Run,5.18,27.8,393.0,42.0,11.192400000000001,20.3976,163.2,187.0,4.626666667,6,10,20,35,5,30,35,1,35,35,0
353,6582301463,Functional-Cardio Workout,0.0,40.88,363.0,0.0,0.0,0.0,145.0,183.0,8.166,5,1,35,35,1,20,30,5,25,1,1
354,6576877944,Functional-Cardio Workout,0.0,43.25,402.0,0.0,0.0,0.0,139.7,176.0,8.646,5,1,35,40,1,15,30,5,25,1,1
355,6572219564,Functional-Cardio Workout,0.0,28.98,339.0,0.0,0.0,0.0,149.1,179.0,5.79,5,1,20,35,1,20,30,5,25,1,1
356,6565761006,Functional-Cardio Workout,0.0,43.35,490.0,0.0,0.0,0.0,147.5,174.0,8.662,5,1,35,40,1,20,25,5,25,1,1
357,6556096899,Functional-Cardio Workout,0.0,44.55,373.0,0.0,0.0,0.0,138.7,182.0,8.902,5,1,35,35,1,15,30,5,25,1,1
358,6551101346,Functional-Cardio Workout,0.0,37.57,406.0,0.0,0.0,0.0,141.7,168.0,7.508,5,1,30,40,1,15,25,5,25,1,1
359,6545744192,Functional-Cardio Workout,0.0,42.08,390.0,0.0,0.0,0.0,136.4,173.0,8.41,5,1,35,35,1,15,25,5,25,1,1
360,6541169630,Functional-Cardio Workout,0.0,39.92,377.0,0.0,0.0,0.0,136.7,165.0,7.974,5,1,30,35,1,15,25,5,25,1,1
361,6529773104,Run,17.87,116.43,1484.0,181.0,9.2088,18.460800000000003,170.0,189.0,6.458333333,18,30,50,100,10,40,35,5,35,25,20
362,6524711421,Functional-Cardio Workout,0.0,35.63,369.0,0.0,0.0,0.0,147.9,179.0,7.116,5,1,30,35,1,20,30,5,25,1,1
363,6519829362,Functional-Cardio Workout,0.0,35.87,367.0,0.0,0.0,0.0,145.1,182.0,7.166,5,1,30,35,1,20,30,5,25,1,1
364,6514955025,Functional-Cardio Workout,0.0,35.37,354.0,0.0,0.0,0.0,152.1,188.0,7.066,5,1,30,35,1,20,35,5,25,1,1
365,6503562098,Functional-Cardio Workout,0.0,33.03,347.0,0.0,0.0,0.0,141.2,182.0,33.03,1,1,25,35,1,15,30,20,5,1,1
366,6493436944,Functional-Cardio Workout,0.0,37.13,383.0,0.0,0.0,0.0,142.5,181.0,37.12,1,1,30,35,1,15,30,20,5,1,1
367,6484077795,Run,5.21,34.43,411.0,14.0,9.2088,15.5952,158.3,180.0,5.735,6,10,25,40,5,30,30,5,35,25,20
368,6478724574,Functional-Cardio Workout,0.0,23.42,268.0,0.0,0.0,0.0,145.2,169.0,3.34,7,1,15,25,1,20,25,1,35,1,1
369,6474137832,Functional-Cardio Workout,0.0,34.83,307.0,0.0,0.0,0.0,131.0,176.0,34.83,1,1,25,35,1,15,30,20,5,1,1
370,6468772697,Functional-Cardio Workout,0.0,27.72,279.0,0.0,0.0,0.0,136.0,168.0,27.72,1,1,20,25,1,15,25,15,5,1,1
371,6457010117,Functional-Cardio Workout,0.0,30.38,285.0,0.0,0.0,0.0,129.9,170.0,30.38,1,1,25,25,1,10,25,20,5,1,1
372,6452964275,Functional-Cardio Workout,0.0,20.08,158.0,0.0,0.0,0.0,118.3,158.0,20.07,1,1,15,15,1,10,15,15,5,1,1
373,6442496042,Run,13.66,101.15,1060.0,43.0,8.1288,17.841600000000003,150.3,173.0,6.728666667,15,30,50,100,5,20,25,5,35,15,20
374,6393201866,Functional-Cardio Workout,0.0,24.58,259.0,0.0,0.0,0.0,140.2,162.0,24.57,1,1,15,25,1,15,15,15,5,1,1
375,6386754321,Functional-Cardio Workout,0.0,38.7,318.0,0.0,0.0,0.0,132.7,172.0,6.445,6,1,30,35,1,15,25,5,35,1,1
376,6382556153,Functional-Cardio Workout,0.0,29.53,283.0,0.0,0.0,0.0,138.5,176.0,4.916666667,6,1,20,25,1,15,30,1,35,1,1
377,6380894530,Functional-Cardio Workout,0.0,37.45,394.0,0.0,0.0,0.0,148.2,176.0,6.23,6,1,30,35,1,20,30,5,35,1,1
378,6368099926,Run,11.04,67.78,851.0,61.0,9.9216,16.3152,156.0,175.0,5.6425,12,25,50,80,5,30,30,5,35,25,20
379,6364721341,Functional-Cardio Workout,0.0,21.25,213.0,0.0,0.0,0.0,144.0,174.0,4.242,5,1,15,25,1,15,25,1,25,1,1
380,6358562496,Functional-Cardio Workout,0.0,32.85,339.0,0.0,0.0,0.0,150.2,180.0,5.466666667,6,1,25,35,1,20,30,5,35,1,1
381,6356762166,Functional-Cardio Workout,0.0,41.47,443.0,0.0,0.0,0.0,147.3,175.0,6.903333333,6,1,35,40,1,20,30,5,35,1,1
382,6352587859,Functional-Cardio Workout,0.0,37.35,306.0,0.0,0.0,0.0,138.8,182.0,6.218333333,6,1,30,35,1,15,30,5,35,1,1
383,6348489598,Functional-Cardio Workout,0.0,18.13,226.0,0.0,0.0,0.0,146.4,166.0,18.12,1,1,10,25,1,20,25,10,5,1,1
384,6348489443,Ride,7.64,60.3,650.0,115.0,9.3672,23.0472,149.1,172.0,60.28,1,10,50,60,10,20,25,20,5,10,15
385,6339167286,Run,5.5,40.05,465.0,64.0,9.6552,18.1908,155.0,174.0,6.671666667,6,10,35,40,5,30,25,5,35,25,20
386,6333904871,Functional-Cardio Workout,0.0,41.08,456.0,0.0,0.0,0.0,151.7,179.0,6.845,6,1,35,40,1,20,30,5,35,1,1
387,6332265190,Functional-Cardio Workout,0.0,39.32,414.0,0.0,0.0,0.0,142.7,176.0,5.61,7,1,30,40,1,15,30,5,35,1,1
388,6327695126,Functional-Cardio Workout,0.0,38.1,373.0,0.0,0.0,0.0,143.7,188.0,6.341666667,6,1,30,35,1,15,35,5,35,1,1
389,6323497045,Functional-Cardio Workout,0.0,39.35,477.0,0.0,0.0,0.0,154.8,181.0,5.611428571,7,1,30,40,1,20,30,5,35,1,1
390,6319850648,Walk,4.24,77.42,316.0,33.0,4.118399999999999,7.7652,93.8,118.0,25.79,3,5,50,35,5,5,10,15,10,5,10
391,6306970396,Run,10.78,70.95,873.0,90.0,9.6516,14.958000000000002,161.1,180.0,6.446363636,11,25,50,80,5,30,30,5,35,25,15
392,6301002709,Functional-Cardio Workout,0.0,44.25,484.0,0.0,0.0,0.0,148.1,175.0,7.368333333,6,1,35,40,1,20,30,5,35,1,1
393,6299049799,Functional-Cardio Workout,0.0,36.23,348.0,0.0,0.0,0.0,140.7,187.0,6.031666667,6,1,30,35,1,15,35,5,35,1,1
394,6294657213,Functional-Cardio Workout,0.0,25.58,318.0,0.0,0.0,0.0,146.5,170.0,25.58,1,1,20,35,1,20,25,15,5,1,1
395,6278708584,Functional-Cardio Workout,0.0,30.05,314.0,0.0,0.0,0.0,139.0,180.0,6.0,5,1,25,35,1,15,30,5,25,1,1
396,6274567234,Functional-Cardio Workout,0.0,41.78,402.0,0.0,0.0,0.0,142.7,181.0,6.958333333,6,1,35,40,1,15,30,5,35,1,1
397,6272308149,Functional-Cardio Workout,0.0,37.38,488.0,0.0,0.0,0.0,155.9,182.0,6.22,6,1,30,40,1,30,30,5,35,1,1
398,6265449642,Functional-Cardio Workout,0.0,37.45,394.0,0.0,0.0,0.0,141.4,181.0,6.24,6,1,30,35,1,15,30,5,35,1,1
399,6260985080,Functional-Cardio Workout,0.0,43.9,468.0,0.0,0.0,0.0,144.7,181.0,8.774,5,1,35,40,1,15,30,5,25,1,1
400,6242932766,Functional-Cardio Workout,0.0,41.83,430.0,0.0,0.0,0.0,139.1,176.0,6.965,6,1,35,40,1,15,30,5,35,1,1
401,6241015427,Functional-Cardio Workout,0.0,37.03,398.0,0.0,0.0,0.0,145.9,176.0,6.163333333,6,1,30,35,1,20,30,5,35,1,1
402,6236427447,Functional-Cardio Workout,0.0,45.27,441.0,0.0,0.0,0.0,143.9,181.0,7.535,6,1,40,40,1,15,30,5,35,1,1
403,6231412576,Functional-Cardio Workout,0.0,35.7,388.0,0.0,0.0,0.0,147.4,175.0,5.941666667,6,1,30,35,1,20,30,5,35,1,1
404,6217154236,Run,9.08,61.33,741.0,35.0,8.9136,14.5512,152.1,176.0,6.13,10,10,50,70,5,20,30,5,35,15,15
405,6208599412,Functional-Cardio Workout,0.0,30.18,350.0,0.0,0.0,0.0,144.8,169.0,5.015,6,1,25,35,1,15,25,5,35,1,1
406,6201005712,Functional-Cardio Workout,0.0,37.78,388.0,0.0,0.0,0.0,143.4,183.0,6.286666667,6,1,30,35,1,15,30,5,35,1,1
407,6196530325,Functional-Cardio Workout,0.0,41.67,397.0,0.0,0.0,0.0,140.8,185.0,10.41,4,1,35,35,1,15,35,10,20,1,1
408,6194104705,Functional-Cardio Workout,0.0,5.53,0.0,0.0,0.0,0.0,93.5,104.0,0.05421568627,102,1,1,5,1,5,10,1,35,1,1
409,6189835588,Functional-Cardio Workout,0.0,44.2,418.0,0.0,0.0,0.0,139.8,176.0,6.308571429,7,1,35,40,1,15,30,5,35,1,1
410,6176293698,Functional-Cardio Workout,0.0,29.23,309.0,0.0,0.0,0.0,142.9,177.0,5.834,5,1,20,35,1,15,30,5,25,1,1
411,6171676290,Functional-Cardio Workout,0.0,32.63,357.0,0.0,0.0,0.0,146.1,175.0,6.516,5,1,25,35,1,20,30,5,25,1,1
412,6166756551,Functional-Cardio Workout,0.0,44.52,512.0,0.0,0.0,0.0,148.0,183.0,11.12,4,1,35,50,1,20,30,10,20,1,1
413,6152072381,Run,5.12,29.35,385.0,33.0,11.4948,20.8512,165.9,181.0,4.88,6,10,20,35,5,35,30,1,35,35,0
414,6149669381,Functional-Cardio Workout,0.0,26.02,250.0,0.0,0.0,0.0,139.1,175.0,26.02,1,1,20,25,1,15,30,15,5,1,1
415,6145224737,Functional-Cardio Workout,0.0,29.45,281.0,0.0,0.0,0.0,136.7,173.0,5.882,5,1,20,25,1,15,25,5,25,1,1
416,6135662698,Functional-Cardio Workout,0.0,38.9,452.0,0.0,0.0,0.0,149.7,176.0,7.776,5,1,30,40,1,20,30,5,25,1,1
417,6130934413,Functional-Cardio Workout,0.0,28.72,292.0,0.0,0.0,0.0,141.8,178.0,5.74,5,1,20,25,1,15,30,5,25,1,1
418,6123669764,Walk,4.69,50.93,278.0,46.0,5.8824,66.96000000000001,102.4,122.0,16.96666667,3,5,0,25,5,10,10,10,10,10,35
419,6123525748,Functional-Cardio Workout,0.0,15.85,130.0,0.0,0.0,0.0,127.7,161.0,2.635,6,1,10,15,1,10,15,1,35,1,1
420,6123464432,Walk,3.53,47.25,251.0,19.0,4.752000000000001,7.2,94.3,115.0,15.74,3,4,40,25,5,5,10,10,10,5,10
421,6118500866,Run,5.3,34.98,423.0,51.0,9.8892,16.56,153.4,177.0,5.818333333,6,10,25,40,5,20,30,5,35,25,20
422,6109756279,Functional-Cardio Workout,0.0,36.85,398.0,0.0,0.0,0.0,146.5,186.0,7.362,5,1,30,35,1,20,35,5,25,1,1
423,6101933499,Functional-Cardio Workout,0.0,38.97,363.0,0.0,0.0,0.0,136.2,180.0,19.48,2,1,30,35,1,15,30,10,5,1,1
424,6099896505,Functional-Cardio Workout,0.0,33.55,286.0,0.0,0.0,0.0,136.5,180.0,33.55,1,1,25,25,1,15,30,20,5,1,1
425,6076948576,Functional-Cardio Workout,0.0,32.58,354.0,0.0,0.0,0.0,140.8,179.0,6.512,5,1,25,35,1,15,30,5,25,1,1
426,6074918104,Functional-Cardio Workout,0.0,30.93,430.0,0.0,0.0,0.0,166.0,188.0,30.92,1,1,25,40,1,35,35,20,5,1,1
427,6066841090,Functional-Cardio Workout,0.0,27.43,274.0,0.0,0.0,0.0,136.7,182.0,5.482,5,1,20,25,1,15,30,5,25,1,1
428,6062016496,Functional-Cardio Workout,0.0,27.4,259.0,0.0,0.0,0.0,138.1,180.0,6.845,4,1,20,25,1,15,30,5,20,1,1
429,6042455491,Functional-Cardio Workout,0.0,34.23,361.0,0.0,0.0,0.0,136.1,169.0,8.5525,4,1,25,35,1,15,25,5,20,1,1
430,6040364975,Functional-Cardio Workout,0.0,23.12,315.0,0.0,0.0,0.0,159.2,184.0,23.12,1,1,15,35,1,30,30,15,5,1,1
431,6032252465,Functional-Cardio Workout,0.0,25.78,267.0,0.0,0.0,0.0,134.8,182.0,5.15,5,1,20,25,1,15,30,5,25,1,1
432,6027161553,Functional-Cardio Workout,0.0,27.0,279.0,0.0,0.0,0.0,138.5,180.0,4.496666667,6,1,20,25,1,15,30,1,35,1,1
433,6019326962,Run,4.84,27.38,388.0,26.0,10.656,17.64,170.5,188.0,5.47,5,5,20,35,5,40,35,5,25,30,20
434,6014339215,Functional-Cardio Workout,0.0,37.25,416.0,0.0,0.0,0.0,142.8,173.0,7.444,5,1,30,40,1,15,25,5,25,1,1
435,6009007642,Functional-Cardio Workout,0.0,45.77,481.0,0.0,0.0,0.0,144.4,179.0,9.146,5,1,40,40,1,15,30,5,25,1,1
436,6000996243,Functional-Cardio Workout,0.0,40.05,351.0,0.0,0.0,0.0,130.2,177.0,6.663333333,6,1,35,35,1,15,30,5,35,1,1
437,5995467254,Functional-Cardio Workout,0.0,25.03,289.0,0.0,0.0,0.0,143.8,175.0,25.03,1,1,20,25,1,15,30,15,5,1,1
438,5990361792,Functional-Cardio Workout,0.0,32.77,372.0,0.0,0.0,0.0,142.8,170.0,32.77,1,1,25,35,1,15,25,20,5,1,1
439,5977670237,Functional-Cardio Workout,0.0,19.13,108.0,0.0,0.0,0.0,102.0,126.0,19.12,1,1,10,15,1,10,10,10,5,1,1
440,5972356129,Functional-Cardio Workout,0.0,38.43,455.0,0.0,0.0,0.0,151.2,177.0,38.42,1,1,30,40,1,20,30,20,5,1,1
441,5965175665,Functional-Cardio Workout,0.0,31.73,354.0,0.0,0.0,0.0,141.9,174.0,31.73,1,1,25,35,1,15,25,20,5,1,1
442,5953199645,Functional-Cardio Workout,0.0,35.68,328.0,0.0,0.0,0.0,132.7,168.0,17.845,2,1,30,35,1,15,25,10,5,1,1
443,5939701019,Walk,2.54,42.75,171.0,1.0,3.5604,5.04,86.3,96.0,21.35,2,3,35,15,5,5,10,15,5,5,10
444,5934807167,Functional-Cardio Workout,0.0,40.65,385.0,0.0,0.0,0.0,131.5,162.0,40.67,1,1,35,35,1,15,15,20,5,1,1
445,5929763974,Functional-Cardio Workout,0.0,41.55,386.0,0.0,0.0,0.0,131.9,177.0,41.53,1,1,35,35,1,15,30,20,5,1,1
446,5924075634,Functional-Cardio Workout,0.0,44.87,496.0,0.0,0.0,0.0,146.9,192.0,14.94666667,3,1,35,40,1,20,35,10,10,1,1
447,5900809934,Functional-Cardio Workout,0.0,40.57,446.0,0.0,0.0,0.0,142.3,177.0,40.55,1,1,35,40,1,15,30,20,5,1,1
448,5896904496,Functional-Cardio Workout,0.0,17.83,68.0,0.0,0.0,0.0,86.8,107.0,17.83,1,1,10,5,1,5,10,10,5,1,1
449,5890809973,Functional-Cardio Workout,0.0,32.8,340.0,0.0,0.0,0.0,139.2,184.0,32.78,1,1,25,35,1,15,30,20,5,1,1
450,5885467592,Walk,0.72,11.92,49.0,0.0,3.6395999999999997,6.12,96.4,109.0,11.87,1,1,5,5,1,5,10,10,5,5,10
451,5885137338,Functional-Cardio Workout,0.0,30.15,296.0,0.0,0.0,0.0,131.1,163.0,30.15,1,1,25,25,1,15,15,20,5,1,1
452,5879082229,Functional-Cardio Workout,0.0,42.78,500.0,0.0,0.0,0.0,146.2,178.0,21.38,2,1,35,50,1,20,30,15,5,1,1
453,5863950360,Functional-Cardio Workout,0.0,25.48,164.0,0.0,0.0,0.0,115.0,149.0,25.48,1,1,20,15,1,10,15,15,5,1,1
454,5859218764,Functional-Cardio Workout,0.0,40.8,138.0,0.0,0.0,0.0,83.9,121.0,40.8,1,1,35,15,1,5,10,20,5,1,1
455,5853763657,Functional-Cardio Workout,0.0,35.77,426.0,0.0,0.0,0.0,147.9,177.0,35.77,1,1,30,40,1,20,30,20,5,1,1
456,5847520331,Functional-Cardio Workout,0.0,35.52,441.0,0.0,0.0,0.0,152.5,174.0,35.52,1,1,30,40,1,20,25,20,5,1,1
457,5842495083,Functional-Cardio Workout,0.0,30.97,305.0,0.0,0.0,0.0,132.9,177.0,10.31666667,3,1,25,35,1,15,30,10,10,1,1
458,5825946864,Functional-Cardio Workout,0.0,52.48,531.0,0.0,0.0,0.0,141.3,184.0,52.48,1,1,0,50,1,15,30,20,5,1,1
459,5821067108,Walk,3.11,35.75,137.0,0.0,5.6124,38.88,102.6,112.0,17.82,2,4,30,15,1,10,10,10,5,10,35
460,5818098347,Functional-Cardio Workout,0.0,31.28,249.0,0.0,0.0,0.0,118.0,175.0,31.28,1,1,25,25,1,10,30,20,5,1,1
461,5815699476,Functional-Cardio Workout,0.0,29.77,360.0,0.0,0.0,0.0,148.6,190.0,29.75,1,1,20,35,1,20,35,15,5,1,1
462,5804265383,Functional-Cardio Workout,0.0,27.02,230.0,0.0,0.0,0.0,123.2,171.0,8.993333333,3,1,20,25,1,10,25,5,10,1,1
463,5787866234,Functional-Cardio Workout,0.0,43.78,528.0,0.0,0.0,0.0,153.4,185.0,6.247142857,7,1,35,50,1,20,35,5,35,1,1
464,5783620797,Functional-Cardio Workout,0.0,27.33,116.0,0.0,0.0,0.0,91.0,114.0,27.32,1,1,20,15,1,5,10,15,5,1,1
465,5776297704,Functional-Cardio Workout,0.0,32.03,366.0,0.0,0.0,0.0,150.6,179.0,32.03,1,1,25,35,1,20,30,20,5,1,1
466,5772699412,Functional-Cardio Workout,0.0,31.23,182.0,0.0,0.0,0.0,111.2,148.0,31.23,1,1,25,15,1,10,15,20,5,1,1
467,5758853482,Functional-Cardio Workout,0.0,60.07,491.0,0.0,0.0,0.0,128.3,181.0,60.05,1,1,50,40,1,10,30,20,5,1,1
468,5750410557,Functional-Cardio Workout,0.0,48.65,323.0,0.0,0.0,0.0,112.6,152.0,48.63,1,1,40,35,1,10,15,20,5,1,1
469,5740377305,Functional-Cardio Workout,0.0,50.2,538.0,0.0,0.0,0.0,141.6,178.0,50.18,1,1,0,50,1,15,30,20,5,1,1
470,5735175604,Walk,1.09,17.8,69.0,1.0,3.672,5.760000000000001,81.2,96.0,17.75,1,2,10,5,5,5,10,10,5,5,10
471,5735077707,Functional-Cardio Workout,0.0,2.68,10.0,0.0,0.0,0.0,84.9,98.0,2.68,1,1,1,5,1,5,10,1,5,1,1
472,5728928772,Functional-Cardio Workout,0.0,36.78,410.0,0.0,0.0,0.0,143.4,173.0,36.77,1,1,30,40,1,15,25,20,5,1,1
473,5713329937,Ride,0.0,61.17,360.0,0.0,0.0,0.0,110.9,134.0,61.15,1,1,50,35,1,10,15,20,5,5,5
474,5703513415,Walk,1.64,38.6,160.0,2.0,3.366,7.2,105.7,130.0,19.22,2,2,30,15,5,10,15,10,5,5,10
475,5703338747,Functional-Cardio Workout,0.0,26.28,244.0,0.0,0.0,0.0,126.8,180.0,26.27,1,1,20,25,1,10,30,15,5,1,1
476,5698020487,WeightTraining,0.0,29.75,138.0,0.0,0.0,0.0,98.2,126.0,29.75,1,1,20,15,1,5,10,15,5,1,1
477,5693357615,Functional-Cardio Workout,0.0,41.17,464.0,0.0,0.0,0.0,146.8,176.0,41.17,1,1,35,40,1,20,30,20,5,1,1
478,5686841946,Functional-Cardio Workout,0.0,22.15,257.0,0.0,0.0,0.0,142.1,176.0,22.13,1,1,15,25,1,15,30,15,5,1,1
479,5676518308,WeightTraining,0.0,53.3,194.0,0.0,0.0,0.0,90.2,110.0,53.3,1,1,0,15,1,5,10,20,5,1,1
480,5671778037,Functional-Cardio Workout,0.0,41.05,370.0,0.0,0.0,0.0,128.8,184.0,41.03,1,1,35,35,1,10,30,20,5,1,1
481,5664823642,Functional-Cardio Workout,0.0,38.27,383.0,0.0,0.0,0.0,133.8,172.0,38.25,1,1,30,35,1,15,25,20,5,1,1
482,5654185186,Functional-Cardio Workout,0.0,41.38,541.0,0.0,0.0,0.0,160.0,187.0,41.37,1,1,35,50,1,30,35,20,5,1,1
483,5638909524,Functional-Cardio Workout,0.0,40.12,445.0,0.0,0.0,0.0,143.1,187.0,40.12,1,1,35,40,1,15,35,20,5,1,1
484,5633806543,Functional-Cardio Workout,0.0,26.45,304.0,0.0,0.0,0.0,143.2,176.0,26.43,1,1,20,35,1,15,30,15,5,1,1
485,5565733254,Functional-Cardio Workout,0.0,34.33,370.0,0.0,0.0,0.0,140.4,171.0,5.71,6,1,25,35,1,15,25,5,35,1,1
486,5560058468,Functional-Cardio Workout,0.0,72.38,743.0,0.0,0.0,0.0,145.9,181.0,72.37,1,1,50,70,1,20,30,20,5,1,1
487,5554215757,Functional-Cardio Workout,0.0,43.4,299.0,0.0,0.0,0.0,120.3,173.0,43.38,1,1,35,25,1,10,25,20,5,1,1
488,5549420628,Functional-Cardio Workout,0.0,15.45,177.0,0.0,0.0,0.0,139.6,180.0,15.43,1,1,10,15,1,15,30,10,5,1,1
489,5545512088,Functional-Cardio Workout,0.0,28.3,303.0,0.0,0.0,0.0,136.4,166.0,28.3,1,1,20,35,1,15,25,15,5,1,1
490,5528088779,Functional-Cardio Workout,0.0,35.67,463.0,0.0,0.0,0.0,154.1,174.0,35.63,1,1,30,40,1,20,25,20,5,1,1
491,5525210690,WeightTraining,0.0,51.72,243.0,0.0,0.0,0.0,102.4,127.0,51.72,1,1,0,25,1,10,10,20,5,1,1
492,5519604289,Walk,2.23,50.15,180.0,20.0,3.3948,6.84,93.9,130.0,25.05,2,3,0,15,5,5,15,15,5,5,10
493,5519405861,Functional-Cardio Workout,0.0,63.7,671.0,0.0,0.0,0.0,141.8,174.0,63.7,1,1,50,60,1,15,25,20,5,1,1
494,5513792357,Functional-Cardio Workout,0.0,51.27,421.0,0.0,0.0,0.0,134.1,168.0,51.27,1,1,0,40,1,15,25,20,5,1,1
495,5492692239,Walk,2.47,51.05,188.0,11.0,3.0564,5.4,90.8,120.0,25.44,2,3,0,15,5,5,10,15,5,5,10
496,5492415487,Functional-Cardio Workout,0.0,32.17,287.0,0.0,0.0,0.0,132.5,172.0,1.78,18,1,25,25,1,15,25,1,35,1,1
497,5487741554,Functional-Cardio Workout,0.0,54.27,497.0,0.0,0.0,0.0,144.9,183.0,54.27,1,1,0,40,1,15,30,20,5,1,1
498,5482573251,WeightTraining,0.0,41.15,244.0,0.0,0.0,0.0,110.6,138.0,41.15,1,1,35,25,1,10,15,20,5,1,1
499,5471646872,Functional-Cardio Workout,0.0,60.43,720.0,0.0,0.0,0.0,153.4,177.0,60.45,1,1,50,70,1,20,30,20,5,1,1
500,5448019778,Functional-Cardio Workout,0.0,34.63,245.0,0.0,0.0,0.0,155.7,168.0,34.62,1,1,25,25,1,30,25,20,5,1,1
501,5437694761,Functional-Cardio Workout,0.0,21.88,219.0,0.0,0.0,0.0,132.4,173.0,21.88,1,1,15,25,1,15,25,15,5,1,1
502,5431611639,Functional-Cardio Workout,0.0,55.37,714.0,0.0,0.0,0.0,157.6,183.0,55.35,1,1,45,70,1,30,30,20,5,1,1
503,5413394300,Functional-Cardio Workout,0.0,60.57,667.0,0.0,0.0,0.0,149.1,183.0,60.55,1,1,50,60,1,20,30,20,5,1,1
504,5403837645,Functional-Cardio Workout,0.0,34.57,371.0,0.0,0.0,0.0,137.5,185.0,34.57,1,1,25,35,1,15,35,20,5,1,1
505,5397331100,Functional-Cardio Workout,0.0,31.48,360.0,0.0,0.0,0.0,150.5,174.0,31.48,1,1,25,35,1,20,25,20,5,1,1
506,5391320188,Functional-Cardio Workout,0.0,56.92,314.0,0.0,0.0,0.0,109.5,155.0,56.92,1,1,45,35,1,10,15,20,5,1,1
507,5373437603,Functional-Cardio Workout,0.0,33.7,380.0,0.0,0.0,0.0,143.0,182.0,33.7,1,1,25,35,1,15,30,20,5,1,1
508,5369005403,Functional-Cardio Workout,0.0,37.78,371.0,0.0,0.0,0.0,138.6,175.0,37.77,1,1,30,35,1,15,30,20,5,1,1
509,5363798845,Functional-Cardio Workout,0.0,30.93,308.0,0.0,0.0,0.0,132.3,169.0,30.93,1,1,25,35,1,15,25,20,5,1,1
510,5358675721,Functional-Cardio Workout,0.0,63.73,491.0,0.0,0.0,0.0,127.7,183.0,63.73,1,1,50,40,1,10,30,20,5,1,1
511,5357931763,Functional-Cardio Workout,0.0,24.55,313.0,0.0,0.0,0.0,150.4,174.0,24.55,1,1,15,35,1,20,25,15,5,1,1
512,5352289456,Functional-Cardio Workout,0.0,38.75,434.0,0.0,0.0,0.0,146.6,174.0,38.73,1,1,30,40,1,20,25,20,5,1,1
513,5340826688,WeightTraining,0.0,81.53,423.0,0.0,0.0,0.0,106.8,160.0,81.53,1,1,50,40,1,10,15,20,5,1,1
514,5335683743,Functional-Cardio Workout,0.0,43.17,469.0,0.0,0.0,0.0,147.7,174.0,43.15,1,1,35,40,1,20,25,20,5,1,1
515,5325671228,Functional-Cardio Workout,0.0,41.58,444.0,0.0,0.0,0.0,142.2,178.0,41.58,1,1,35,40,1,15,30,20,5,1,1
516,5320430365,Functional-Cardio Workout,0.0,30.43,361.0,0.0,0.0,0.0,150.9,187.0,30.42,1,1,25,35,1,20,35,20,5,1,1
517,5313699677,Functional-Cardio Workout,0.0,57.7,706.0,0.0,0.0,0.0,157.5,181.0,57.7,1,1,45,70,1,30,30,20,5,1,1
518,5296852005,Functional-Cardio Workout,0.0,44.92,542.0,0.0,0.0,0.0,151.3,183.0,44.9,1,1,35,50,1,20,30,20,5,1,1
519,5291883344,Functional-Cardio Workout,0.0,41.92,357.0,0.0,0.0,0.0,131.3,166.0,41.92,1,1,35,35,1,15,25,20,5,1,1
520,5285057593,Run,11.02,76.3,974.0,42.0,8.6976,14.76,166.9,187.0,6.3325,12,25,50,90,5,35,35,5,35,15,15
521,5278157571,Functional-Cardio Workout,0.0,55.0,556.0,0.0,0.0,0.0,143.3,177.0,55.0,1,1,45,50,1,15,30,20,5,1,1
522,5247210159,Functional-Cardio Workout,0.0,45.62,507.0,0.0,0.0,0.0,144.8,178.0,45.6,1,1,40,50,1,15,30,20,5,1,1
523,5237194093,Functional-Cardio Workout,0.0,67.53,604.0,0.0,0.0,0.0,140.8,184.0,13.498,5,1,50,60,1,15,30,10,25,1,1
524,5214820639,Functional-Cardio Workout,0.0,50.05,448.0,0.0,0.0,0.0,136.5,172.0,50.05,1,1,0,40,1,15,25,20,5,1,1
525,5210895183,Functional-Cardio Workout,0.0,46.23,408.0,0.0,0.0,0.0,130.9,160.0,46.22,1,1,40,40,1,15,15,20,5,1,1
526,5205093412,Functional-Cardio Workout,0.0,38.3,410.0,0.0,0.0,0.0,141.5,174.0,38.28,1,1,30,40,1,15,25,20,5,1,1
527,5196683003,Functional-Cardio Workout,0.0,52.93,421.0,0.0,0.0,0.0,127.7,178.0,52.93,1,1,0,40,1,10,30,20,5,1,1
528,5179739192,WeightTraining,0.0,58.35,295.0,0.0,0.0,0.0,107.1,134.0,58.35,1,1,45,25,1,10,15,20,5,1,1
529,5169370331,Functional-Cardio Workout,0.0,35.8,182.0,0.0,0.0,0.0,101.7,150.0,35.8,1,1,30,15,1,10,15,20,5,1,1
530,5163867163,Functional-Cardio Workout,0.0,44.68,431.0,0.0,0.0,0.0,136.8,171.0,44.68,1,1,35,40,1,15,25,20,5,1,1
531,5156608015,Functional-Cardio Workout,0.0,49.32,329.0,0.0,0.0,0.0,113.6,144.0,49.32,1,1,40,35,1,10,15,20,5,1,1
532,5152337963,Functional-Cardio Workout,0.0,19.02,119.0,0.0,0.0,0.0,106.8,144.0,19.02,1,1,10,15,1,10,15,10,5,1,1
533,5139234747,Functional-Cardio Workout,0.0,114.38,995.0,0.0,0.0,0.0,141.6,187.0,114.38,1,1,50,90,1,15,35,20,5,1,1
534,5133993504,Functional-Cardio Workout,0.0,41.23,517.0,0.0,0.0,0.0,154.9,188.0,41.23,1,1,35,50,1,20,35,20,5,1,1
535,5127986917,Functional-Cardio Workout,0.0,41.35,444.0,0.0,0.0,0.0,148.9,177.0,41.35,1,1,35,40,1,20,30,20,5,1,1
536,5121828473,Functional-Cardio Workout,0.0,40.35,436.0,0.0,0.0,0.0,142.8,181.0,10.0775,4,1,35,40,1,15,30,10,20,1,1
537,5115615460,Functional-Cardio Workout,0.0,47.38,535.0,0.0,0.0,0.0,156.5,180.0,47.37,1,1,40,50,1,30,30,20,5,1,1
538,5095684033,Functional-Cardio Workout,0.0,46.43,399.0,0.0,0.0,0.0,128.3,184.0,46.43,1,1,40,35,1,10,30,20,5,1,1
539,5093004935,Functional-Cardio Workout,0.0,34.38,400.0,0.0,0.0,0.0,146.6,176.0,34.38,1,1,25,40,1,20,30,20,5,1,1
540,5087045370,Functional-Cardio Workout,0.0,46.98,549.0,0.0,0.0,0.0,150.7,193.0,46.97,1,1,40,50,1,20,35,20,5,1,1
541,5078917328,Functional-Cardio Workout,0.0,40.08,369.0,0.0,0.0,0.0,130.5,178.0,40.07,1,1,35,35,1,15,30,20,5,1,1
542,5074876104,Functional-Cardio Workout,0.0,50.87,414.0,0.0,0.0,0.0,130.1,174.0,50.85,1,1,0,40,1,15,25,20,5,1,1
543,5011166637,Functional-Cardio Workout,0.0,22.23,250.0,0.0,0.0,0.0,140.3,167.0,22.23,1,1,15,25,1,15,25,15,5,1,1
544,5004418150,Functional-Cardio Workout,0.0,70.57,707.0,0.0,0.0,0.0,146.6,176.0,70.55,1,1,50,70,1,20,30,20,5,1,1
545,4992825114,Functional-Cardio Workout,0.0,50.9,412.0,0.0,0.0,0.0,125.7,174.0,12.71,4,1,0,40,1,10,25,10,20,1,1
546,4987694582,Functional-Cardio Workout,0.0,24.18,186.0,0.0,0.0,0.0,117.0,155.0,24.18,1,1,15,15,1,10,15,15,5,1,1
547,4975447653,Functional-Cardio Workout,0.0,23.02,231.0,0.0,0.0,0.0,134.0,165.0,11.51,2,1,15,25,1,15,25,10,5,1,1
548,4970468207,Functional-Cardio Workout,0.0,43.07,375.0,0.0,0.0,0.0,129.4,168.0,43.07,1,1,35,35,1,10,25,20,5,1,1
549,4964728826,Functional-Cardio Workout,0.0,17.52,192.0,0.0,0.0,0.0,139.8,173.0,17.52,1,1,10,15,1,15,25,10,5,1,1
550,4957528338,Run,6.04,39.08,516.0,23.0,9.3204,13.32,161.9,179.0,5.562857143,7,10,30,50,5,30,30,5,35,25,15
551,4952868127,Functional-Cardio Workout,0.0,45.35,408.0,0.0,0.0,0.0,131.4,168.0,45.37,1,1,40,40,1,15,25,20,5,1,1
552,4935645950,Functional-Cardio Workout,0.0,91.72,705.0,0.0,0.0,0.0,125.6,163.0,91.7,1,1,50,70,1,10,15,20,5,1,1
553,4929923924,Functional-Cardio Workout,0.0,112.0,859.0,0.0,0.0,0.0,129.1,178.0,112.0,1,1,50,80,1,10,30,20,5,1,1
554,4925668855,Functional-Cardio Workout,0.0,48.82,481.0,0.0,0.0,0.0,136.7,176.0,2.703888889,18,1,40,40,1,15,30,1,35,1,1
555,4920636848,Functional-Cardio Workout,0.0,32.9,375.0,0.0,0.0,0.0,145.5,182.0,6.574,5,1,25,35,1,20,30,5,25,1,1
556,4915185469,Functional-Cardio Workout,0.0,36.27,349.0,0.0,0.0,0.0,134.2,175.0,36.25,1,1,30,35,1,15,30,20,5,1,1
557,4901894948,Functional-Cardio Workout,0.0,103.22,492.0,0.0,0.0,0.0,110.1,153.0,103.22,1,1,50,40,1,10,15,20,5,1,1
558,4894973720,Functional-Cardio Workout,0.0,97.23,699.0,0.0,0.0,0.0,126.6,171.0,97.22,1,1,50,60,1,10,25,20,5,1,1
559,4886529054,Functional-Cardio Workout,0.0,32.58,261.0,0.0,0.0,0.0,122.3,180.0,32.57,1,1,25,25,1,10,30,20,5,1,1
560,4880666958,Functional-Cardio Workout,0.0,57.33,508.0,0.0,0.0,0.0,132.1,173.0,57.32,1,1,45,50,1,15,25,20,5,1,1
561,4874146922,Functional-Cardio Workout,0.0,40.0,437.0,0.0,0.0,0.0,144.0,177.0,40.0,1,1,35,40,1,15,30,20,5,1,1
562,4860987639,Functional-Cardio Workout,0.0,41.75,330.0,0.0,0.0,0.0,122.3,171.0,41.72,1,1,35,35,1,10,25,20,5,1,1
563,4855077172,Walk,1.74,34.72,138.0,12.0,3.2184,5.760000000000001,94.5,123.0,17.21,2,2,25,15,5,5,10,10,5,5,10
564,4854893423,Functional-Cardio Workout,0.0,38.48,351.0,0.0,0.0,0.0,129.0,169.0,38.47,1,1,30,35,1,10,25,20,5,1,1
565,4850701851,Functional-Cardio Workout,0.0,16.58,135.0,0.0,0.0,0.0,118.2,144.0,16.57,1,1,10,15,1,10,15,10,5,1,1
566,4845169334,Functional-Cardio Workout,0.0,56.55,527.0,0.0,0.0,0.0,139.0,168.0,56.55,1,1,45,50,1,15,25,20,5,1,1
567,4838630993,Yoga,0.0,21.48,46.0,0.0,0.0,0.0,74.6,101.0,21.48,1,1,15,5,1,5,10,15,5,1,1
568,4832500182,Functional-Cardio Workout,0.0,32.08,361.0,0.0,0.0,0.0,142.7,172.0,32.07,1,1,25,35,1,15,25,20,5,1,1
569,4827427464,Functional-Cardio Workout,0.0,30.73,335.0,0.0,0.0,0.0,139.7,180.0,30.75,1,1,25,35,1,15,30,20,5,1,1
570,4809641756,Functional-Cardio Workout,0.0,32.6,363.0,0.0,0.0,0.0,146.6,182.0,32.58,1,1,25,35,1,20,30,20,5,1,1
571,4804756058,Functional-Cardio Workout,0.0,35.68,394.0,0.0,0.0,0.0,147.6,181.0,35.68,1,1,30,35,1,20,30,20,5,1,1
572,4799257614,Functional-Cardio Workout,0.0,30.53,382.0,0.0,0.0,0.0,152.8,183.0,30.53,1,1,25,35,1,20,30,20,5,1,1
573,4792927722,Functional-Cardio Workout,0.0,44.92,485.0,0.0,0.0,0.0,144.3,169.0,44.9,1,1,35,40,1,15,25,20,5,1,1
574,4783185509,Functional-Cardio Workout,0.0,51.08,257.0,0.0,0.0,0.0,100.2,142.0,51.07,1,1,0,25,1,10,15,20,5,1,1
575,4773163688,Functional-Cardio Workout,0.0,42.47,263.0,0.0,0.0,0.0,113.4,156.0,42.45,1,1,35,25,1,10,15,20,5,1,1
576,4767157186,Functional-Cardio Workout,0.0,22.05,273.0,0.0,0.0,0.0,149.2,173.0,22.05,1,1,15,25,1,20,25,15,5,1,1
577,4763079712,Functional-Cardio Workout,0.0,35.38,384.0,0.0,0.0,0.0,145.6,175.0,35.37,1,1,30,35,1,20,30,20,5,1,1
578,4756274364,Functional-Cardio Workout,0.0,31.57,404.0,0.0,0.0,0.0,152.8,174.0,31.55,1,1,25,40,1,20,25,20,5,1,1
579,4747434122,Functional-Cardio Workout,0.0,28.93,313.0,0.0,0.0,0.0,142.5,189.0,28.92,1,1,20,35,1,15,35,15,5,1,1
580,4741205103,Functional-Cardio Workout,0.0,41.73,410.0,0.0,0.0,0.0,134.0,164.0,41.72,1,1,35,40,1,15,15,20,5,1,1
581,4734128026,Functional-Cardio Workout,0.0,23.07,237.0,0.0,0.0,0.0,135.0,170.0,23.07,1,1,15,25,1,15,25,15,5,1,1
582,4730136600,Functional-Cardio Workout,0.0,36.97,456.0,0.0,0.0,0.0,152.4,179.0,3.350909091,11,1,30,40,1,20,30,1,35,1,1
583,4724827491,Functional-Cardio Workout,0.0,30.03,351.0,0.0,0.0,0.0,145.0,188.0,30.03,1,1,25,35,1,20,35,20,5,1,1
584,4718449246,Functional-Cardio Workout,0.0,40.05,385.0,0.0,0.0,0.0,133.0,179.0,40.05,1,1,35,35,1,15,30,20,5,1,1
585,4707904863,Functional-Cardio Workout,0.0,38.4,401.0,0.0,0.0,0.0,140.2,173.0,7.67,5,1,30,40,1,15,25,5,25,1,1
586,4702683752,Functional-Cardio Workout,0.0,44.78,418.0,0.0,0.0,0.0,134.2,178.0,44.78,1,1,35,40,1,15,30,20,5,1,1
587,4697880004,Functional-Cardio Workout,0.0,61.37,638.0,0.0,0.0,0.0,143.8,174.0,61.37,1,1,50,60,1,15,25,20,5,1,1
588,4697090333,Functional-Cardio Workout,0.0,6.07,0.0,0.0,0.0,0.0,68.8,81.0,0.06347222222,72,1,1,5,1,5,10,1,35,1,1
589,4691366730,Functional-Cardio Workout,0.0,58.22,416.0,0.0,0.0,0.0,127.7,169.0,58.22,1,1,45,40,1,10,25,20,5,1,1
590,4684363148,Functional-Cardio Workout,0.0,41.07,447.0,0.0,0.0,0.0,142.7,185.0,41.07,1,1,35,40,1,15,35,20,5,1,1
591,4681572902,Functional-Cardio Workout,0.0,21.05,237.0,0.0,0.0,0.0,140.5,178.0,21.03,1,1,15,25,1,15,30,15,5,1,1
592,4676730531,Functional-Cardio Workout,0.0,41.4,489.0,0.0,0.0,0.0,149.4,190.0,41.38,1,1,35,40,1,20,35,20,5,1,1
593,4670974590,Functional-Cardio Workout,0.0,32.85,144.0,0.0,0.0,0.0,96.5,132.0,33.53,1,1,25,15,1,5,15,20,5,1,1
594,4664901973,Functional-Cardio Workout,0.0,30.75,378.0,0.0,0.0,0.0,149.1,191.0,30.75,1,1,25,35,1,20,35,20,5,1,1
595,4659292830,Functional-Cardio Workout,0.0,44.35,436.0,0.0,0.0,0.0,138.3,182.0,44.35,1,1,35,40,1,15,30,20,5,1,1
596,4654675027,Functional-Cardio Workout,0.0,32.02,365.0,0.0,0.0,0.0,146.2,183.0,32.0,1,1,25,35,1,20,30,20,5,1,1
597,4648822139,Functional-Cardio Workout,0.0,43.87,429.0,0.0,0.0,0.0,133.9,179.0,43.87,1,1,35,40,1,15,30,20,5,1,1
598,4643647780,Functional-Cardio Workout,0.0,59.12,545.0,0.0,0.0,0.0,141.9,184.0,2.808095238,21,1,45,50,1,15,30,1,35,1,1
599,4632067500,Functional-Cardio Workout,0.0,32.72,388.0,0.0,0.0,0.0,154.2,178.0,1.203703704,27,1,25,35,1,20,30,1,35,1,1
600,4626041247,Functional-Cardio Workout,0.0,31.65,363.0,0.0,0.0,0.0,146.2,183.0,15.815,2,1,25,35,1,20,30,10,5,1,1
601,4620671164,Functional-Cardio Workout,0.0,53.68,454.0,0.0,0.0,0.0,125.0,184.0,53.67,1,1,0,40,1,10,30,20,5,1,1
602,4616918075,Yoga,0.0,31.22,90.0,0.0,0.0,0.0,86.6,114.0,31.22,1,1,25,5,1,5,10,20,5,1,1
603,4612179691,Functional-Cardio Workout,0.0,13.02,178.0,0.0,0.0,0.0,162.5,195.0,2.598,5,1,5,15,1,30,35,1,25,1,1
604,4603864941,Functional-Cardio Workout,0.0,43.77,419.0,0.0,0.0,0.0,137.0,172.0,10.9325,4,1,35,40,1,15,25,10,20,1,1
605,4601727285,Functional-Cardio Workout,0.0,25.02,295.0,0.0,0.0,0.0,147.0,179.0,6.245,4,1,20,25,1,20,30,5,20,1,1
606,4595027697,Functional-Cardio Workout,0.0,46.4,438.0,0.0,0.0,0.0,139.5,175.0,46.38,1,1,40,40,1,15,30,20,5,1,1
607,4589564300,Functional-Cardio Workout,0.0,44.13,356.0,0.0,0.0,0.0,136.8,180.0,22.06,2,1,35,35,1,15,30,15,5,1,1
608,4584977254,WeightTraining,0.0,41.92,348.0,0.0,0.0,0.0,138.6,175.0,41.92,1,1,35,35,1,15,30,20,5,1,1
609,4579063556,WeightTraining,0.0,37.35,411.0,0.0,0.0,0.0,146.9,168.0,37.35,1,1,30,40,1,20,25,20,5,1,1
610,4573463381,WeightTraining,0.0,33.65,259.0,0.0,0.0,0.0,123.8,160.0,33.65,1,1,25,25,1,10,15,20,5,1,1
611,4565923712,Functional-Cardio Workout,0.0,29.6,271.0,0.0,0.0,0.0,136.4,176.0,5.91,5,1,20,25,1,15,30,5,25,1,1
612,4551706506,Functional-Cardio Workout,0.0,32.63,383.0,0.0,0.0,0.0,153.5,179.0,32.62,1,1,25,35,1,20,30,20,5,1,1
613,4545915819,Functional-Cardio Workout,0.0,32.82,229.0,0.0,0.0,0.0,119.0,164.0,16.4,2,1,25,25,1,10,15,10,5,1,1
614,4536718987,WeightTraining,0.0,26.82,110.0,0.0,0.0,0.0,96.4,147.0,26.82,1,1,20,15,1,5,15,15,5,1,1
615,4517342532,WeightTraining,0.0,38.83,385.0,0.0,0.0,0.0,143.7,162.0,38.83,1,1,30,35,1,15,15,20,5,1,1
616,4513706567,Yoga,0.0,15.55,43.0,0.0,0.0,0.0,93.3,110.0,15.55,1,1,10,5,1,5,10,10,5,1,1
617,4509937522,Functional-Cardio Workout,0.0,47.38,443.0,0.0,0.0,0.0,147.0,181.0,11.8375,4,1,40,40,1,20,30,10,20,1,1
618,4506326857,Functional-Cardio Workout,0.0,22.92,292.0,0.0,0.0,0.0,152.7,179.0,11.46,2,1,15,25,1,20,30,10,5,1,1
619,4501972950,WeightTraining,0.0,40.13,380.0,0.0,0.0,0.0,138.8,169.0,40.13,1,1,35,35,1,15,25,20,5,1,1
620,4498529130,Functional-Cardio Workout,0.0,29.02,375.0,0.0,0.0,0.0,153.2,185.0,5.796,5,1,20,35,1,20,35,5,25,1,1
621,4492718676,WeightTraining,0.0,30.9,379.0,0.0,0.0,0.0,154.9,177.0,30.9,1,1,25,35,1,20,30,20,5,1,1
622,4484917666,WeightTraining,0.0,12.47,124.0,0.0,0.0,0.0,135.3,148.0,12.47,1,1,5,15,1,15,15,10,5,1,1
623,4479520037,WeightTraining,0.0,13.2,157.0,0.0,0.0,0.0,152.5,176.0,13.2,1,1,5,15,1,20,30,10,5,1,1
624,4476585460,Ride,0.0,60.03,614.0,0.0,0.0,0.0,140.5,170.0,60.03,1,1,50,60,1,15,25,20,5,5,5
625,4472934653,WeightTraining,0.0,29.52,223.0,0.0,0.0,0.0,129.0,152.0,29.52,1,1,20,25,1,10,15,15,5,1,1
626,4472843503,Functional-Cardio Workout,0.0,6.28,66.0,0.0,0.0,0.0,144.2,162.0,6.27,1,1,1,5,1,15,15,5,5,1,1
627,4468614284,Functional-Cardio Workout,0.0,17.43,238.0,0.0,0.0,0.0,161.9,180.0,4.35,4,1,10,25,1,30,30,1,20,1,1
628,4468614083,Ride,10.89,102.6,499.0,51.0,13.2696,26.28,127.9,164.0,51.275,2,15,50,40,5,10,15,20,5,15,20
629,4464258507,WeightTraining,0.0,21.47,186.0,0.0,0.0,0.0,133.0,146.0,21.47,1,1,15,15,1,15,15,15,5,1,1
630,4464175522,Ride,0.0,47.95,450.0,0.0,0.0,0.0,131.3,157.0,47.95,1,1,40,40,1,15,15,20,5,5,5
631,4447470450,Ride,0.0,53.52,498.0,0.0,0.0,0.0,133.3,169.0,53.52,1,1,0,40,1,15,25,20,5,5,5
632,4443800257,WeightTraining,0.0,5.28,47.0,0.0,0.0,0.0,126.2,139.0,5.28,1,1,1,5,1,10,15,5,5,1,1
633,4443766710,Functional-Cardio Workout,0.0,37.23,365.0,0.0,0.0,0.0,141.6,178.0,37.22,1,1,30,35,1,15,30,20,5,1,1
634,4433872817,Functional-Cardio Workout,0.0,31.55,360.0,0.0,0.0,0.0,144.3,175.0,5.246666667,6,1,25,35,1,15,30,5,35,1,1
635,4428490221,Functional-Cardio Workout,0.0,33.37,389.0,0.0,0.0,0.0,147.7,170.0,33.37,1,1,25,35,1,20,25,20,5,1,1
636,4426687692,Functional-Cardio Workout,0.0,22.22,291.0,0.0,0.0,0.0,156.6,184.0,22.22,1,1,15,25,1,30,30,15,5,1,1
637,4416547886,Run,6.73,53.7,528.0,44.0,7.574400000000001,15.840000000000002,141.3,164.0,7.664285714,7,10,0,50,5,15,15,5,35,15,20
638,4414219567,WeightTraining,0.0,22.93,250.0,0.0,0.0,0.0,141.2,169.0,22.93,1,1,15,25,1,15,25,15,5,1,1
639,4410131989,WeightTraining,0.0,47.48,265.0,0.0,0.0,0.0,109.4,140.0,47.48,1,1,40,25,1,10,15,20,5,1,1
640,4403171889,WeightTraining,0.0,31.95,360.0,0.0,0.0,0.0,151.1,170.0,31.95,1,1,25,35,1,20,25,20,5,1,1
641,4402983140,Functional-Cardio Workout,0.0,4.13,37.0,0.0,0.0,0.0,121.6,139.0,4.12,1,1,1,5,1,10,15,1,5,1,1
642,4395781145,Functional-Cardio Workout,0.0,2.58,21.0,0.0,0.0,0.0,135.9,151.0,1.28,2,1,1,5,1,15,15,1,5,1,1
643,4395762133,WeightTraining,0.0,40.77,298.0,0.0,0.0,0.0,129.4,160.0,40.77,1,1,35,25,1,10,15,20,5,1,1
644,4395672341,Functional-Cardio Workout,0.0,11.18,123.0,0.0,0.0,0.0,143.2,164.0,11.17,1,1,5,15,1,15,15,10,5,1,1
645,4388621298,Run,10.34,71.33,911.0,28.0,8.7012,13.32,164.0,184.0,6.477272727,11,25,50,90,5,30,30,5,35,15,15
646,4386058345,WeightTraining,0.0,35.57,319.0,0.0,0.0,0.0,134.7,158.0,35.57,1,1,30,35,1,15,15,20,5,1,1
647,4385898009,Functional-Cardio Workout,0.0,9.07,122.0,0.0,0.0,0.0,156.4,174.0,9.05,1,1,1,15,1,30,25,5,5,1,1
648,4381362900,Run,0.0,10.15,0.0,0.0,0.0,0.0,1.0,1.0,10.15,1,1,5,5,1,5,5,10,5,1,1
649,4381303295,Run,0.0,8.83,0.0,0.0,0.0,0.0,1.0,1.0,8.83,1,1,1,5,1,5,5,5,5,1,1
650,4376927496,Run,14.64,124.45,1445.3,56.8,7.470000000000001,15.48,1.0,1.0,124.45,1,30,50,100,5,5,5,20,5,15,20
651,4364591178,Run,0.0,8.83,0.0,0.0,0.0,0.0,1.0,1.0,8.83,1,1,1,5,1,5,5,5,5,1,1
652,4364471732,Run,9.96,73.27,982.7,35.6,8.1576,13.32,1.0,1.0,73.27,1,10,50,90,5,5,5,20,5,15,15
653,4361668103,Run,0.0,16.73,0.0,0.0,0.0,0.0,1.0,1.0,16.73,1,1,10,5,1,5,5,10,5,1,1
654,4280596333,Run,10.01,76.35,996.0,50.7,7.9452,16.56,1.0,1.0,76.37,1,25,50,90,5,5,5,20,5,15,20
655,4262058950,Run,13.39,107.75,1322.7,46.7,7.4807999999999995,15.840000000000002,1.0,1.0,107.78,1,30,50,100,5,5,5,20,5,15,20
656,4224257664,Run,8.02,67.55,800.8,45.1,7.164,16.92,1.0,1.0,67.58,1,10,50,80,5,5,5,20,5,15,20
657,4215572416,Run,3.51,22.83,345.1,2.8,9.251999999999999,15.120000000000001,1.0,1.0,22.87,1,5,15,35,5,5,5,15,5,25,20
658,4192009064,Run,4.06,32.57,406.2,14.7,7.8192,18.0,1.0,1.0,32.58,1,5,25,40,5,5,5,20,5,15,20
659,4132992629,Run,4.94,36.58,494.4,21.0,8.8344,32.76,1.0,1.0,36.58,1,5,30,40,5,5,5,20,5,15,30
660,3557682383,Run,3.74,27.22,367.9,3.5,8.316,28.08,1.0,1.0,27.23,1,5,20,35,5,5,5,15,5,15,25
661,3547418838,Run,3.8,30.15,372.9,3.7,7.6752,16.2,1.0,1.0,30.13,1,5,25,35,5,5,5,20,5,15,20
662,3517497833,Run,3.57,28.92,352.5,4.2,7.4196,17.64,1.0,1.0,28.92,1,5,20,35,5,5,5,15,5,15,20
663,3516568449,Ride,10.64,38.5,0.0,13.9,16.902,38.88,1.0,1.0,38.5,1,15,30,5,5,5,5,20,5,20,30
664,3509004014,Run,4.43,36.25,443.1,15.6,7.434,16.92,1.0,1.0,36.27,1,5,30,40,5,5,5,20,5,15,20
665,3496090180,Run,3.45,32.63,340.5,3.9,6.5952,17.28,1.0,1.0,32.63,1,5,25,35,5,5,5,20,5,10,20
666,3483200309,Run,4.3,38.8,429.2,12.9,7.1136,26.64,1.0,1.0,38.83,1,5,30,40,5,5,5,20,5,15,25
